AÑO;PERIODO;FECHA DE REPORTE DE LA INFORMACIÓN;CODIGO ENTIDAD;ENTIDAD;CODIGO LINEA;LINEA INTERVENCION;CODIGO SERVICIO;NOMBRE SERVICIO;UBIGEO;DEPARTAMENTO;N° DE CONSULTAS TELEFONICAS -TOTAL;N° DE CONSULTAS TELEFONICAS - HOMBRES;N° DE CONSULTAS TELEFONICAS - MUJERES;N° DE CONSULTAS TELEFONICAS - SIN DATOS SEXO;N° DE CONSULTAS TELEFONICAS - TIPO DE VIOLENCIA - VIOLENCIA PSICOLOGICA;N° DE CONSULTAS TELEFONICAS - TIPO DE VIOLENCIA - VIOLENCIA FISICA;N° DE CONSULTAS TELEFONICAS - TIPO DE VIOLENCIA - VIOLENCIA SEXUAL;N° DE CONSULTAS TELEFONICAS - TIPO DE VIOLENCIA - VIOLENCIA ECONÓMICA;OTRAS CONSULTAS;N° DE CONSULTAS TELEFONICAS - 0_5 - TOTAL;N° DE CONSULTAS TELEFONICAS - 0_5 - HOMBRES;N° DE CONSULTAS TELEFONICAS - 0_5 - MUJERES;N° DE CONSULTAS TELEFONICAS - 6_11 - TOTAL;N° DE CONSULTAS TELEFONICAS - 6_11 - HOMBRES;N° DE CONSULTAS TELEFONICAS - 6_11 - MUJERES;N° DE CONSULTAS TELEFONICAS - 12_17 - TOTAL;N° DE CONSULTAS TELEFONICAS - 12_17 - HOMBRES;N° DE CONSULTAS TELEFONICAS - 12_17 - MUJERES;N° DE CONSULTAS TELEFONICAS - 18_25 - TOTAL;N° DE CONSULTAS TELEFONICAS - 18_25 - HOMBRES;N° DE CONSULTAS TELEFONICAS - 18_25 - MUJERES;N° DE CONSULTAS TELEFONICAS - 18_29 - TOTAL;N° DE CONSULTAS TELEFONICAS - 18_29 - HOMBRES;N° DE CONSULTAS TELEFONICAS - 18_29 - MUJERES;N° DE CONSULTAS TELEFONICAS -26_35 - TOTAL;N° DE CONSULTAS TELEFONICAS - 26_35 - HOMBRES;N° DE CONSULTAS TELEFONICAS - 26_35 - MUJERES;N° DE CONSULTAS TELEFONICAS -36_45 - TOTAL;N° DE CONSULTAS TELEFONICAS - 36_45 - HOMBRES;N° DE CONSULTAS TELEFONICAS - 36_45 - MUJERES;N° DE CONSULTAS TELEFONICAS -30_59 - TOTAL;N° DE CONSULTAS TELEFONICAS - 30_59 - HOMBRES;N° DE CONSULTAS TELEFONICAS - 30_59 - MUJERES;N° DE CONSULTAS TELEFONICAS -46_59 - TOTAL;N° DE CONSULTAS TELEFONICAS - 46_59 - HOMBRES;N° DE CONSULTAS TELEFONICAS - 46_59 - MUJERES;N° DE CONSULTAS TELEFONICAS -60_MAS - TOTAL;N° DE CONSULTAS TELEFONICAS - 60_MAS - HOMBRES;N° DE CONSULTAS TELEFONICAS - 60_MAS - MUJERES;N° DE CONSULTAS TELEFONICAS -EDAD SIN DATOS- TOTAL;N° DE CONSULTAS TELEFONICAS - EDAD SIN DATOS - HOMBRES;N° DE CONSULTAS TELEFONICAS - EDAD SIN DATOS - MUJERES;N° DE CONSULTAS TELEFONICAS - EDAD SIN DATOS - SIN SEXO
2013;ENE - DIC;05/01/2014;ENT001;PROGRAMA NACIONAL CONTRA LA VIOLENCIA FAMILIAR Y SEXUAL;LIN001;ATENCIÓN INTEGRAL Y MULTIDISCIPLINARIA PARA VICTIMAS DE VIOLENCIA;SER004;LINEA 100;01;AMAZONAS;363;37;326;;135;200;18;;10;0;;;0;;;23;;;72;;;;;;155;;;71;;;;;;39;;;3;;;;;;
2013;ENE - DIC;05/01/2014;ENT001;PROGRAMA NACIONAL CONTRA LA VIOLENCIA FAMILIAR Y SEXUAL;LIN001;ATENCIÓN INTEGRAL Y MULTIDISCIPLINARIA PARA VICTIMAS DE VIOLENCIA;SER004;LINEA 100;02;ÁNCASH;325;36;289;;128;164;26;;7;0;;;1;;;11;;;52;;;;;;116;;;91;;;;;;42;;;12;;;;;;
2013;ENE - DIC;05/01/2014;ENT001;PROGRAMA NACIONAL CONTRA LA VIOLENCIA FAMILIAR Y SEXUAL;LIN001;ATENCIÓN INTEGRAL Y MULTIDISCIPLINARIA PARA VICTIMAS DE VIOLENCIA;SER004;LINEA 100;03;APURÍMAC;241;34;207;;74;148;9;;10;0;;;2;;;13;;;46;;;;;;101;;;59;;;;;;16;;;4;;;;;;
2013;ENE - DIC;05/01/2014;ENT001;PROGRAMA NACIONAL CONTRA LA VIOLENCIA FAMILIAR Y SEXUAL;LIN001;ATENCIÓN INTEGRAL Y MULTIDISCIPLINARIA PARA VICTIMAS DE VIOLENCIA;SER004;LINEA 100;04;AREQUIPA;1 645;109;1536;;677;878;56;;34;3;;;3;;;37;;;322;;;;;;633;;;416;;;;;;193;;;38;;;;;;
2013;ENE - DIC;05/01/2014;ENT001;PROGRAMA NACIONAL CONTRA LA VIOLENCIA FAMILIAR Y SEXUAL;LIN001;ATENCIÓN INTEGRAL Y MULTIDISCIPLINARIA PARA VICTIMAS DE VIOLENCIA;SER004;LINEA 100;05;AYACUCHO;571;91;480;;187;332;36;;16;0;;;1;;;38;;;112;;;;;;237;;;130;;;;;;45;;;8;;;;;;
2013;ENE - DIC;05/01/2014;ENT001;PROGRAMA NACIONAL CONTRA LA VIOLENCIA FAMILIAR Y SEXUAL;LIN001;ATENCIÓN INTEGRAL Y MULTIDISCIPLINARIA PARA VICTIMAS DE VIOLENCIA;SER004;LINEA 100;06;CAJAMARCA;1 091;119;972;;413;583;65;;30;0;;;1;;;60;;;285;;;;;;365;;;254;;;;;;102;;;24;;;;;;
2013;ENE - DIC;05/01/2014;ENT001;PROGRAMA NACIONAL CONTRA LA VIOLENCIA FAMILIAR Y SEXUAL;LIN001;ATENCIÓN INTEGRAL Y MULTIDISCIPLINARIA PARA VICTIMAS DE VIOLENCIA;SER004;LINEA 100;07;CALLAO;2 510;226;2284;;1062;1309;87;;52;0;;;2;;;55;;;407;;;;;;954;;;663;;;;;;334;;;95;;;;;;
2013;ENE - DIC;05/01/2014;ENT001;PROGRAMA NACIONAL CONTRA LA VIOLENCIA FAMILIAR Y SEXUAL;LIN001;ATENCIÓN INTEGRAL Y MULTIDISCIPLINARIA PARA VICTIMAS DE VIOLENCIA;SER004;LINEA 100;08;CUSCO;918;107;811;;343;497;56;;22;0;;;2;;;38;;;206;;;;;;345;;;215;;;;;;100;;;12;;;;;;
2013;ENE - DIC;05/01/2014;ENT001;PROGRAMA NACIONAL CONTRA LA VIOLENCIA FAMILIAR Y SEXUAL;LIN001;ATENCIÓN INTEGRAL Y MULTIDISCIPLINARIA PARA VICTIMAS DE VIOLENCIA;SER004;LINEA 100;09;HUANCAVELICA;168;21;147;;45;107;11;;5;0;;;0;;;14;;;29;;;;;;56;;;55;;;;;;13;;;1;;;;;;
2013;ENE - DIC;05/01/2014;ENT001;PROGRAMA NACIONAL CONTRA LA VIOLENCIA FAMILIAR Y SEXUAL;LIN001;ATENCIÓN INTEGRAL Y MULTIDISCIPLINARIA PARA VICTIMAS DE VIOLENCIA;SER004;LINEA 100;10;HUÁNUCO;425;49;376;;154;237;21;;13;0;;;3;;;12;;;108;;;;;;134;;;115;;;;;;36;;;17;;;;;;
2013;ENE - DIC;05/01/2014;ENT001;PROGRAMA NACIONAL CONTRA LA VIOLENCIA FAMILIAR Y SEXUAL;LIN001;ATENCIÓN INTEGRAL Y MULTIDISCIPLINARIA PARA VICTIMAS DE VIOLENCIA;SER004;LINEA 100;11;ICA;1 139;101;1038;;472;598;54;;15;1;;;0;;;23;;;236;;;;;;411;;;289;;;;;;146;;;33;;;;;;
2013;ENE - DIC;05/01/2014;ENT001;PROGRAMA NACIONAL CONTRA LA VIOLENCIA FAMILIAR Y SEXUAL;LIN001;ATENCIÓN INTEGRAL Y MULTIDISCIPLINARIA PARA VICTIMAS DE VIOLENCIA;SER004;LINEA 100;12;JUNÍN;1 108;97;1011;;394;632;69;;13;1;;;1;;;51;;;245;;;;;;423;;;245;;;;;;123;;;19;;;;;;
2013;ENE - DIC;05/01/2014;ENT001;PROGRAMA NACIONAL CONTRA LA VIOLENCIA FAMILIAR Y SEXUAL;LIN001;ATENCIÓN INTEGRAL Y MULTIDISCIPLINARIA PARA VICTIMAS DE VIOLENCIA;SER004;LINEA 100;13;LA LIBERTAD;1 851;194;1657;;721;1016;68;;46;0;;;2;;;44;;;383;;;;;;728;;;452;;;;;;211;;;31;;;;;;
2013;ENE - DIC;05/01/2014;ENT001;PROGRAMA NACIONAL CONTRA LA VIOLENCIA FAMILIAR Y SEXUAL;LIN001;ATENCIÓN INTEGRAL Y MULTIDISCIPLINARIA PARA VICTIMAS DE VIOLENCIA;SER004;LINEA 100;14;LAMBAYEQUE;502;54;448;;210;255;26;;11;0;;;0;;;20;;;119;;;;;;176;;;103;;;;;;71;;;13;;;;;;
2013;ENE - DIC;05/01/2014;ENT001;PROGRAMA NACIONAL CONTRA LA VIOLENCIA FAMILIAR Y SEXUAL;LIN001;ATENCIÓN INTEGRAL Y MULTIDISCIPLINARIA PARA VICTIMAS DE VIOLENCIA;SER004;LINEA 100;15;LIMA;23 576;2137;21439;;10000;11858;1163;;555;10;;;28;;;437;;;3 890;;;;;;8 126;;;6527;;;;;;3690;;;868;;;;;;
2013;ENE - DIC;05/01/2014;ENT001;PROGRAMA NACIONAL CONTRA LA VIOLENCIA FAMILIAR Y SEXUAL;LIN001;ATENCIÓN INTEGRAL Y MULTIDISCIPLINARIA PARA VICTIMAS DE VIOLENCIA;SER004;LINEA 100;16;LORETO;412;48;364;;145;238;17;;12;0;;;0;;;20;;;80;;;;;;150;;;107;;;;;;48;;;7;;;;;;
2013;ENE - DIC;05/01/2014;ENT001;PROGRAMA NACIONAL CONTRA LA VIOLENCIA FAMILIAR Y SEXUAL;LIN001;ATENCIÓN INTEGRAL Y MULTIDISCIPLINARIA PARA VICTIMAS DE VIOLENCIA;SER004;LINEA 100;17;MADRE DE DIOS;149;19;130;;43;102;3;;1;0;;;1;;;7;;;35;;;;;;77;;;16;;;;;;9;;;4;;;;;;
2013;ENE - DIC;05/01/2014;ENT001;PROGRAMA NACIONAL CONTRA LA VIOLENCIA FAMILIAR Y SEXUAL;LIN001;ATENCIÓN INTEGRAL Y MULTIDISCIPLINARIA PARA VICTIMAS DE VIOLENCIA;SER004;LINEA 100;18;MOQUEGUA;162;12;150;;81;71;6;;4;0;;;0;;;2;;;33;;;;;;71;;;38;;;;;;16;;;2;;;;;;
2013;ENE - DIC;05/01/2014;ENT001;PROGRAMA NACIONAL CONTRA LA VIOLENCIA FAMILIAR Y SEXUAL;LIN001;ATENCIÓN INTEGRAL Y MULTIDISCIPLINARIA PARA VICTIMAS DE VIOLENCIA;SER004;LINEA 100;19;PASCO;249;16;233;;86;153;5;;5;0;;;0;;;15;;;75;;;;;;78;;;66;;;;;;14;;;1;;;;;;
2013;ENE - DIC;05/01/2014;ENT001;PROGRAMA NACIONAL CONTRA LA VIOLENCIA FAMILIAR Y SEXUAL;LIN001;ATENCIÓN INTEGRAL Y MULTIDISCIPLINARIA PARA VICTIMAS DE VIOLENCIA;SER004;LINEA 100;20;PIURA;1 775;144;1 631;;627;1 033;71;;44;0;;;2;;;64;;;350;;;;;;681;;;432;;;;;;215;;;31;;;;;;
2013;ENE - DIC;05/01/2014;ENT001;PROGRAMA NACIONAL CONTRA LA VIOLENCIA FAMILIAR Y SEXUAL;LIN001;ATENCIÓN INTEGRAL Y MULTIDISCIPLINARIA PARA VICTIMAS DE VIOLENCIA;SER004;LINEA 100;21;PUNO;1 040;109;931;;360;610;41;;29;0;;;2;;;57;;;276;;;;;;376;;;229;;;;;;92;;;8;;;;;;
2013;ENE - DIC;05/01/2014;ENT001;PROGRAMA NACIONAL CONTRA LA VIOLENCIA FAMILIAR Y SEXUAL;LIN001;ATENCIÓN INTEGRAL Y MULTIDISCIPLINARIA PARA VICTIMAS DE VIOLENCIA;SER004;LINEA 100;22;SAN MARTÍN;773;129;644;;280;418;53;;22;0;;;0;;;48;;;170;;;;;;296;;;169;;;;;;81;;;9;;;;;;
2013;ENE - DIC;05/01/2014;ENT001;PROGRAMA NACIONAL CONTRA LA VIOLENCIA FAMILIAR Y SEXUAL;LIN001;ATENCIÓN INTEGRAL Y MULTIDISCIPLINARIA PARA VICTIMAS DE VIOLENCIA;SER004;LINEA 100;23;TACNA;309;22;287;;124;153;25;;7;0;;;0;;;8;;;67;;;;;;119;;;77;;;;;;34;;;4;;;;;;
2013;ENE - DIC;05/01/2014;ENT001;PROGRAMA NACIONAL CONTRA LA VIOLENCIA FAMILIAR Y SEXUAL;LIN001;ATENCIÓN INTEGRAL Y MULTIDISCIPLINARIA PARA VICTIMAS DE VIOLENCIA;SER004;LINEA 100;24;TUMBES;269;22;247;;88;171;5;;5;1;;;0;;;10;;;57;;;;;;101;;;59;;;;;;39;;;2;;;;;;
2013;ENE - DIC;05/01/2014;ENT001;PROGRAMA NACIONAL CONTRA LA VIOLENCIA FAMILIAR Y SEXUAL;LIN001;ATENCIÓN INTEGRAL Y MULTIDISCIPLINARIA PARA VICTIMAS DE VIOLENCIA;SER004;LINEA 100;25;UCAYALI;473;47;426;;;;;;7;0;;;1;;;17;;;116;;;;;;156;;;132;;;;;;46;;;5;;;;;;
2014;ENE - DIC;10/01/2015;ENT001;PROGRAMA NACIONAL CONTRA LA VIOLENCIA FAMILIAR Y SEXUAL;LIN001;ATENCIÓN INTEGRAL Y MULTIDISCIPLINARIA PARA VICTIMAS DE VIOLENCIA;SER004;LINEA 100;01;AMAZONAS;361;55;306;;130;189;31;;11;0;;;1;;;14;;;86;;;;;;126;;;87;;;;;;46;;;1;;;;;;
2014;ENE - DIC;10/01/2015;ENT001;PROGRAMA NACIONAL CONTRA LA VIOLENCIA FAMILIAR Y SEXUAL;LIN001;ATENCIÓN INTEGRAL Y MULTIDISCIPLINARIA PARA VICTIMAS DE VIOLENCIA;SER004;LINEA 100;02;ÁNCASH;559;76;483;;210;295;41;;13;0;;;0;;;23;;;121;;;;;;193;;;135;;;;;;79;;;8;;;;;;
2014;ENE - DIC;10/01/2015;ENT001;PROGRAMA NACIONAL CONTRA LA VIOLENCIA FAMILIAR Y SEXUAL;LIN001;ATENCIÓN INTEGRAL Y MULTIDISCIPLINARIA PARA VICTIMAS DE VIOLENCIA;SER004;LINEA 100;03;APURÍMAC;275;37;238;;96;160;14;;5;0;;;1;;;13;;;57;;;;;;111;;;69;;;;;;23;;;1;;;;;;
2014;ENE - DIC;10/01/2015;ENT001;PROGRAMA NACIONAL CONTRA LA VIOLENCIA FAMILIAR Y SEXUAL;LIN001;ATENCIÓN INTEGRAL Y MULTIDISCIPLINARIA PARA VICTIMAS DE VIOLENCIA;SER004;LINEA 100;04;AREQUIPA;1 532;112;1420;;633;782;67;;50;0;;;1;;;25;;;297;;;;;;548;;;421;;;;;;199;;;41;;;;;;
2014;ENE - DIC;10/01/2015;ENT001;PROGRAMA NACIONAL CONTRA LA VIOLENCIA FAMILIAR Y SEXUAL;LIN001;ATENCIÓN INTEGRAL Y MULTIDISCIPLINARIA PARA VICTIMAS DE VIOLENCIA;SER004;LINEA 100;05;AYACUCHO;593;77;516;;195;343;37;;18;0;;;2;;;25;;;154;;;;;;206;;;154;;;;;;43;;;9;;;;;;
2014;ENE - DIC;10/01/2015;ENT001;PROGRAMA NACIONAL CONTRA LA VIOLENCIA FAMILIAR Y SEXUAL;LIN001;ATENCIÓN INTEGRAL Y MULTIDISCIPLINARIA PARA VICTIMAS DE VIOLENCIA;SER004;LINEA 100;06;CAJAMARCA;1 155;155;1000;;377;641;99;;38;1;;;6;;;49;;;262;;;;;;408;;;261;;;;;;146;;;22;;;;;;
2014;ENE - DIC;10/01/2015;ENT001;PROGRAMA NACIONAL CONTRA LA VIOLENCIA FAMILIAR Y SEXUAL;LIN001;ATENCIÓN INTEGRAL Y MULTIDISCIPLINARIA PARA VICTIMAS DE VIOLENCIA;SER004;LINEA 100;07;CALLAO;2 000;212;1788;;825;990;114;;71;0;;;2;;;35;;;317;;;;;;768;;;549;;;;;;264;;;65;;;;;;
2014;ENE - DIC;10/01/2015;ENT001;PROGRAMA NACIONAL CONTRA LA VIOLENCIA FAMILIAR Y SEXUAL;LIN001;ATENCIÓN INTEGRAL Y MULTIDISCIPLINARIA PARA VICTIMAS DE VIOLENCIA;SER004;LINEA 100;08;CUSCO;961;127;834;;301;568;63;;29;0;;;4;;;46;;;201;;;;;;351;;;257;;;;;;94;;;8;;;;;;
2014;ENE - DIC;10/01/2015;ENT001;PROGRAMA NACIONAL CONTRA LA VIOLENCIA FAMILIAR Y SEXUAL;LIN001;ATENCIÓN INTEGRAL Y MULTIDISCIPLINARIA PARA VICTIMAS DE VIOLENCIA;SER004;LINEA 100;09;HUANCAVELICA;220;56;164;;79;120;16;;5;0;;;0;;;12;;;42;;;;;;61;;;76;;;;;;23;;;6;;;;;;
2014;ENE - DIC;10/01/2015;ENT001;PROGRAMA NACIONAL CONTRA LA VIOLENCIA FAMILIAR Y SEXUAL;LIN001;ATENCIÓN INTEGRAL Y MULTIDISCIPLINARIA PARA VICTIMAS DE VIOLENCIA;SER004;LINEA 100;10;HUÁNUCO;589;73;516;;215;316;43;;15;0;;;0;;;32;;;114;;;;;;238;;;153;;;;;;47;;;5;;;;;;
2014;ENE - DIC;10/01/2015;ENT001;PROGRAMA NACIONAL CONTRA LA VIOLENCIA FAMILIAR Y SEXUAL;LIN001;ATENCIÓN INTEGRAL Y MULTIDISCIPLINARIA PARA VICTIMAS DE VIOLENCIA;SER004;LINEA 100;11;ICA;1 175;153;1022;;442;635;63;;35;1;;;3;;;31;;;201;;;;;;490;;;274;;;;;;150;;;25;;;;;;
2014;ENE - DIC;10/01/2015;ENT001;PROGRAMA NACIONAL CONTRA LA VIOLENCIA FAMILIAR Y SEXUAL;LIN001;ATENCIÓN INTEGRAL Y MULTIDISCIPLINARIA PARA VICTIMAS DE VIOLENCIA;SER004;LINEA 100;12;JUNÍN;1 085;142;943;;389;582;82;;32;0;;;2;;;24;;;236;;;;;;408;;;248;;;;;;141;;;26;;;;;;
2014;ENE - DIC;10/01/2015;ENT001;PROGRAMA NACIONAL CONTRA LA VIOLENCIA FAMILIAR Y SEXUAL;LIN001;ATENCIÓN INTEGRAL Y MULTIDISCIPLINARIA PARA VICTIMAS DE VIOLENCIA;SER004;LINEA 100;13;LA LIBERTAD;1 932;212;1720;;708;1036;118;;70;2;;;2;;;35;;;393;;;;;;686;;;539;;;;;;230;;;45;;;;;;
2014;ENE - DIC;10/01/2015;ENT001;PROGRAMA NACIONAL CONTRA LA VIOLENCIA FAMILIAR Y SEXUAL;LIN001;ATENCIÓN INTEGRAL Y MULTIDISCIPLINARIA PARA VICTIMAS DE VIOLENCIA;SER004;LINEA 100;14;LAMBAYEQUE;468;61;407;;185;245;28;;10;0;;;1;;;5;;;71;;;;;;154;;;134;;;;;;79;;;24;;;;;;
2014;ENE - DIC;10/01/2015;ENT001;PROGRAMA NACIONAL CONTRA LA VIOLENCIA FAMILIAR Y SEXUAL;LIN001;ATENCIÓN INTEGRAL Y MULTIDISCIPLINARIA PARA VICTIMAS DE VIOLENCIA;SER004;LINEA 100;15;LIMA;21 412;2159;19253;;9155;10288;1235;;734;11;;;23;;;380;;;3 291;;;;;;7 489;;;5900;;;;;;3444;;;874;;;;;;
2014;ENE - DIC;10/01/2015;ENT001;PROGRAMA NACIONAL CONTRA LA VIOLENCIA FAMILIAR Y SEXUAL;LIN001;ATENCIÓN INTEGRAL Y MULTIDISCIPLINARIA PARA VICTIMAS DE VIOLENCIA;SER004;LINEA 100;16;LORETO;370;58;312;;121;198;32;;19;0;;;0;;;10;;;73;;;;;;151;;;90;;;;;;39;;;7;;;;;;
2014;ENE - DIC;10/01/2015;ENT001;PROGRAMA NACIONAL CONTRA LA VIOLENCIA FAMILIAR Y SEXUAL;LIN001;ATENCIÓN INTEGRAL Y MULTIDISCIPLINARIA PARA VICTIMAS DE VIOLENCIA;SER004;LINEA 100;17;MADRE DE DIOS;143;10;133;;50;84;8;;1;0;;;0;;;4;;;36;;;;;;58;;;40;;;;;;4;;;1;;;;;;
2014;ENE - DIC;10/01/2015;ENT001;PROGRAMA NACIONAL CONTRA LA VIOLENCIA FAMILIAR Y SEXUAL;LIN001;ATENCIÓN INTEGRAL Y MULTIDISCIPLINARIA PARA VICTIMAS DE VIOLENCIA;SER004;LINEA 100;18;MOQUEGUA;132;14;118;;54;59;13;;6;0;;;1;;;3;;;16;;;;;;58;;;40;;;;;;11;;;3;;;;;;
2014;ENE - DIC;10/01/2015;ENT001;PROGRAMA NACIONAL CONTRA LA VIOLENCIA FAMILIAR Y SEXUAL;LIN001;ATENCIÓN INTEGRAL Y MULTIDISCIPLINARIA PARA VICTIMAS DE VIOLENCIA;SER004;LINEA 100;19;PASCO;280;17;263;;92;166;18;;4;0;;;0;;;10;;;79;;;;;;110;;;57;;;;;;24;;;0;;;;;;
2014;ENE - DIC;10/01/2015;ENT001;PROGRAMA NACIONAL CONTRA LA VIOLENCIA FAMILIAR Y SEXUAL;LIN001;ATENCIÓN INTEGRAL Y MULTIDISCIPLINARIA PARA VICTIMAS DE VIOLENCIA;SER004;LINEA 100;20;PIURA;1 759;174;1 585;;646;990;80;;43;0;;;5;;;59;;;359;;;;;;626;;;464;;;;;;210;;;36;;;;;;
2014;ENE - DIC;10/01/2015;ENT001;PROGRAMA NACIONAL CONTRA LA VIOLENCIA FAMILIAR Y SEXUAL;LIN001;ATENCIÓN INTEGRAL Y MULTIDISCIPLINARIA PARA VICTIMAS DE VIOLENCIA;SER004;LINEA 100;21;PUNO;1 109;134;975;;348;654;66;;41;0;;;1;;;58;;;293;;;;;;397;;;264;;;;;;85;;;11;;;;;;
2014;ENE - DIC;10/01/2015;ENT001;PROGRAMA NACIONAL CONTRA LA VIOLENCIA FAMILIAR Y SEXUAL;LIN001;ATENCIÓN INTEGRAL Y MULTIDISCIPLINARIA PARA VICTIMAS DE VIOLENCIA;SER004;LINEA 100;22;SAN MARTÍN;874;148;726;;308;468;62;;36;0;;;1;;;31;;;211;;;;;;370;;;183;;;;;;71;;;7;;;;;;
2014;ENE - DIC;10/01/2015;ENT001;PROGRAMA NACIONAL CONTRA LA VIOLENCIA FAMILIAR Y SEXUAL;LIN001;ATENCIÓN INTEGRAL Y MULTIDISCIPLINARIA PARA VICTIMAS DE VIOLENCIA;SER004;LINEA 100;23;TACNA;332;28;304;;131;176;20;;5;0;;;2;;;5;;;64;;;;;;134;;;87;;;;;;31;;;9;;;;;;
2014;ENE - DIC;10/01/2015;ENT001;PROGRAMA NACIONAL CONTRA LA VIOLENCIA FAMILIAR Y SEXUAL;LIN001;ATENCIÓN INTEGRAL Y MULTIDISCIPLINARIA PARA VICTIMAS DE VIOLENCIA;SER004;LINEA 100;24;TUMBES;231;20;211;;86;133;10;;2;0;;;0;;;3;;;66;;;;;;90;;;35;;;;;;31;;;6;;;;;;
2014;ENE - DIC;10/01/2015;ENT001;PROGRAMA NACIONAL CONTRA LA VIOLENCIA FAMILIAR Y SEXUAL;LIN001;ATENCIÓN INTEGRAL Y MULTIDISCIPLINARIA PARA VICTIMAS DE VIOLENCIA;SER004;LINEA 100;25;UCAYALI;439;46;393;;180;231;21;;7;0;;;0;;;16;;;87;;;;;;178;;;110;;;;;;45;;;3;;;;;;
2012;ENE - DIC;05/01/2013;ENT001;PROGRAMA NACIONAL CONTRA LA VIOLENCIA FAMILIAR Y SEXUAL;LIN001;ATENCIÓN INTEGRAL Y MULTIDISCIPLINARIA PARA VICTIMAS DE VIOLENCIA;SER004;LINEA 100;01;AMAZONAS;337;44;293;;135;171;10;;21;0;;;0;;;19;;;118;;;;;;100;;;72;;;;;;26;;;2;;;;;;
2012;ENE - DIC;05/01/2013;ENT001;PROGRAMA NACIONAL CONTRA LA VIOLENCIA FAMILIAR Y SEXUAL;LIN001;ATENCIÓN INTEGRAL Y MULTIDISCIPLINARIA PARA VICTIMAS DE VIOLENCIA;SER004;LINEA 100;02;ÁNCASH;684;96;588;;264;331;48;;41;0;;;0;;;25;;;140;;;;;;259;;;152;;;;;;94;;;14;;;;;;
2012;ENE - DIC;05/01/2013;ENT001;PROGRAMA NACIONAL CONTRA LA VIOLENCIA FAMILIAR Y SEXUAL;LIN001;ATENCIÓN INTEGRAL Y MULTIDISCIPLINARIA PARA VICTIMAS DE VIOLENCIA;SER004;LINEA 100;03;APURÍMAC;222;47;175;;74;122;15;;11;0;;;0;;;13;;;56;;;;;;87;;;45;;;;;;20;;;1;;;;;;
2012;ENE - DIC;05/01/2013;ENT001;PROGRAMA NACIONAL CONTRA LA VIOLENCIA FAMILIAR Y SEXUAL;LIN001;ATENCIÓN INTEGRAL Y MULTIDISCIPLINARIA PARA VICTIMAS DE VIOLENCIA;SER004;LINEA 100;04;AREQUIPA;1 372;107;1 265;;584;684;42;;62;2;;;2;;;19;;;268;;;;;;546;;;337;;;;;;160;;;38;;;;;;
2012;ENE - DIC;05/01/2013;ENT001;PROGRAMA NACIONAL CONTRA LA VIOLENCIA FAMILIAR Y SEXUAL;LIN001;ATENCIÓN INTEGRAL Y MULTIDISCIPLINARIA PARA VICTIMAS DE VIOLENCIA;SER004;LINEA 100;05;AYACUCHO;583;85;498;;190;348;33;;12;0;;;6;;;31;;;138;;;;;;216;;;137;;;;;;50;;;5;;;;;;
2012;ENE - DIC;05/01/2013;ENT001;PROGRAMA NACIONAL CONTRA LA VIOLENCIA FAMILIAR Y SEXUAL;LIN001;ATENCIÓN INTEGRAL Y MULTIDISCIPLINARIA PARA VICTIMAS DE VIOLENCIA;SER004;LINEA 100;06;CAJAMARCA;883;91;792;;340;473;46;;24;0;;;1;;;48;;;240;;;;;;293;;;210;;;;;;83;;;8;;;;;;
2012;ENE - DIC;05/01/2013;ENT001;PROGRAMA NACIONAL CONTRA LA VIOLENCIA FAMILIAR Y SEXUAL;LIN001;ATENCIÓN INTEGRAL Y MULTIDISCIPLINARIA PARA VICTIMAS DE VIOLENCIA;SER004;LINEA 100;07;CALLAO;2 734;242;2 492;;1 222;1 295;103;;114;1;;;0;;;53;;;411;;;;;;998;;;763;;;;;;420;;;88;;;;;;
2012;ENE - DIC;05/01/2013;ENT001;PROGRAMA NACIONAL CONTRA LA VIOLENCIA FAMILIAR Y SEXUAL;LIN001;ATENCIÓN INTEGRAL Y MULTIDISCIPLINARIA PARA VICTIMAS DE VIOLENCIA;SER004;LINEA 100;08;CUSCO;887;84;803;;340;468;35;;44;0;;;0;;;31;;;213;;;;;;357;;;186;;;;;;90;;;10;;;;;;
2012;ENE - DIC;05/01/2013;ENT001;PROGRAMA NACIONAL CONTRA LA VIOLENCIA FAMILIAR Y SEXUAL;LIN001;ATENCIÓN INTEGRAL Y MULTIDISCIPLINARIA PARA VICTIMAS DE VIOLENCIA;SER004;LINEA 100;09;HUANCAVELICA;134;27;107;;36;79;14;;5;1;;;2;;;6;;;23;;;;;;50;;;35;;;;;;12;;;5;;;;;;
2012;ENE - DIC;05/01/2013;ENT001;PROGRAMA NACIONAL CONTRA LA VIOLENCIA FAMILIAR Y SEXUAL;LIN001;ATENCIÓN INTEGRAL Y MULTIDISCIPLINARIA PARA VICTIMAS DE VIOLENCIA;SER004;LINEA 100;10;HUÁNUCO;375;40;335;;148;185;21;;21;0;;;0;;;17;;;89;;;;;;158;;;81;;;;;;27;;;3;;;;;;
2012;ENE - DIC;05/01/2013;ENT001;PROGRAMA NACIONAL CONTRA LA VIOLENCIA FAMILIAR Y SEXUAL;LIN001;ATENCIÓN INTEGRAL Y MULTIDISCIPLINARIA PARA VICTIMAS DE VIOLENCIA;SER004;LINEA 100;11;ICA;1 191;86;1 105;;510;601;47;;33;2;;;1;;;29;;;239;;;;;;462;;;297;;;;;;138;;;23;;;;;;
2012;ENE - DIC;05/01/2013;ENT001;PROGRAMA NACIONAL CONTRA LA VIOLENCIA FAMILIAR Y SEXUAL;LIN001;ATENCIÓN INTEGRAL Y MULTIDISCIPLINARIA PARA VICTIMAS DE VIOLENCIA;SER004;LINEA 100;12;JUNÍN;1 079;109;970;;413;570;55;;41;0;;;3;;;34;;;206;;;;;;451;;;245;;;;;;120;;;20;;;;;;
2012;ENE - DIC;05/01/2013;ENT001;PROGRAMA NACIONAL CONTRA LA VIOLENCIA FAMILIAR Y SEXUAL;LIN001;ATENCIÓN INTEGRAL Y MULTIDISCIPLINARIA PARA VICTIMAS DE VIOLENCIA;SER004;LINEA 100;13;LA LIBERTAD;1 785;144;1 641;;695;933;72;;85;2;;;4;;;58;;;367;;;;;;672;;;443;;;;;;202;;;37;;;;;;
2012;ENE - DIC;05/01/2013;ENT001;PROGRAMA NACIONAL CONTRA LA VIOLENCIA FAMILIAR Y SEXUAL;LIN001;ATENCIÓN INTEGRAL Y MULTIDISCIPLINARIA PARA VICTIMAS DE VIOLENCIA;SER004;LINEA 100;14;LAMBAYEQUE;805;52;753;;311;432;23;;39;1;;;1;;;18;;;198;;;;;;267;;;208;;;;;;90;;;22;;;;;;
2012;ENE - DIC;05/01/2013;ENT001;PROGRAMA NACIONAL CONTRA LA VIOLENCIA FAMILIAR Y SEXUAL;LIN001;ATENCIÓN INTEGRAL Y MULTIDISCIPLINARIA PARA VICTIMAS DE VIOLENCIA;SER004;LINEA 100;15;LIMA;26 704;2 395;24 309;;11 489;13 034;1 110;;1 071;16;;;19;;;372;;;4 390;;;;;;9 237;;;7 470;;;;;;4 273;;;927;;;;;;
2012;ENE - DIC;05/01/2013;ENT001;PROGRAMA NACIONAL CONTRA LA VIOLENCIA FAMILIAR Y SEXUAL;LIN001;ATENCIÓN INTEGRAL Y MULTIDISCIPLINARIA PARA VICTIMAS DE VIOLENCIA;SER004;LINEA 100;16;LORETO;387;52;335;;157;184;20;;26;0;;;0;;;15;;;81;;;;;;149;;;99;;;;;;40;;;3;;;;;;
2012;ENE - DIC;05/01/2013;ENT001;PROGRAMA NACIONAL CONTRA LA VIOLENCIA FAMILIAR Y SEXUAL;LIN001;ATENCIÓN INTEGRAL Y MULTIDISCIPLINARIA PARA VICTIMAS DE VIOLENCIA;SER004;LINEA 100;17;MADRE DE DIOS;122;8;114;;49;67;4;;2;0;;;0;;;7;;;39;;;;;;49;;;9;;;;;;16;;;2;;;;;;
2012;ENE - DIC;05/01/2013;ENT001;PROGRAMA NACIONAL CONTRA LA VIOLENCIA FAMILIAR Y SEXUAL;LIN001;ATENCIÓN INTEGRAL Y MULTIDISCIPLINARIA PARA VICTIMAS DE VIOLENCIA;SER004;LINEA 100;18;MOQUEGUA;167;17;150;;71;85;5;;6;0;;;0;;;2;;;40;;;;;;72;;;38;;;;;;12;;;3;;;;;;
2012;ENE - DIC;05/01/2013;ENT001;PROGRAMA NACIONAL CONTRA LA VIOLENCIA FAMILIAR Y SEXUAL;LIN001;ATENCIÓN INTEGRAL Y MULTIDISCIPLINARIA PARA VICTIMAS DE VIOLENCIA;SER004;LINEA 100;19;PASCO;223;25;198;;86;117;8;;12;0;;;1;;;7;;;57;;;;;;101;;;46;;;;;;5;;;6;;;;;;
2012;ENE - DIC;05/01/2013;ENT001;PROGRAMA NACIONAL CONTRA LA VIOLENCIA FAMILIAR Y SEXUAL;LIN001;ATENCIÓN INTEGRAL Y MULTIDISCIPLINARIA PARA VICTIMAS DE VIOLENCIA;SER004;LINEA 100;20;PIURA;1 690;151;1 539;;625;935;55;;75;1;;;0;;;42;;;364;;;;;;654;;;431;;;;;;176;;;22;;;;;;
2012;ENE - DIC;05/01/2013;ENT001;PROGRAMA NACIONAL CONTRA LA VIOLENCIA FAMILIAR Y SEXUAL;LIN001;ATENCIÓN INTEGRAL Y MULTIDISCIPLINARIA PARA VICTIMAS DE VIOLENCIA;SER004;LINEA 100;21;PUNO;1 031;86;945;;360;597;41;;33;0;;;2;;;50;;;282;;;;;;401;;;179;;;;;;108;;;9;;;;;;
2012;ENE - DIC;05/01/2013;ENT001;PROGRAMA NACIONAL CONTRA LA VIOLENCIA FAMILIAR Y SEXUAL;LIN001;ATENCIÓN INTEGRAL Y MULTIDISCIPLINARIA PARA VICTIMAS DE VIOLENCIA;SER004;LINEA 100;22;SAN MARTÍN;593;63;530;;238;306;30;;19;0;;;0;;;24;;;152;;;;;;210;;;140;;;;;;62;;;5;;;;;;
2012;ENE - DIC;05/01/2013;ENT001;PROGRAMA NACIONAL CONTRA LA VIOLENCIA FAMILIAR Y SEXUAL;LIN001;ATENCIÓN INTEGRAL Y MULTIDISCIPLINARIA PARA VICTIMAS DE VIOLENCIA;SER004;LINEA 100;23;TACNA;307;23;284;;116;163;22;;6;0;;;1;;;9;;;53;;;;;;149;;;62;;;;;;31;;;2;;;;;;
2012;ENE - DIC;05/01/2013;ENT001;PROGRAMA NACIONAL CONTRA LA VIOLENCIA FAMILIAR Y SEXUAL;LIN001;ATENCIÓN INTEGRAL Y MULTIDISCIPLINARIA PARA VICTIMAS DE VIOLENCIA;SER004;LINEA 100;24;TUMBES;210;13;197;;92;109;3;;6;1;;;0;;;5;;;48;;;;;;73;;;47;;;;;;32;;;4;;;;;;
2012;ENE - DIC;05/01/2013;ENT001;PROGRAMA NACIONAL CONTRA LA VIOLENCIA FAMILIAR Y SEXUAL;LIN001;ATENCIÓN INTEGRAL Y MULTIDISCIPLINARIA PARA VICTIMAS DE VIOLENCIA;SER004;LINEA 100;25;UCAYALI;327;22;305;;114;181;19;;13;0;;;0;;;20;;;52;;;;;;137;;;78;;;;;;32;;;8;;;;;;
2015;ENE - DIC;11/01/2016;ENT001;PROGRAMA NACIONAL CONTRA LA VIOLENCIA FAMILIAR Y SEXUAL;LIN001;ATENCIÓN INTEGRAL Y MULTIDISCIPLINARIA PARA VICTIMAS DE VIOLENCIA;SER004;LINEA 100;01;AMAZONAS;367;64;303;;140;172;34;;21;0;;;1;;;29;;;89;;;;;;110;;;102;;;;;;34;;;2;;;;;;
2015;ENE - DIC;11/01/2016;ENT001;PROGRAMA NACIONAL CONTRA LA VIOLENCIA FAMILIAR Y SEXUAL;LIN001;ATENCIÓN INTEGRAL Y MULTIDISCIPLINARIA PARA VICTIMAS DE VIOLENCIA;SER004;LINEA 100;02;ÁNCASH;345;65;280;;124;186;14;;21;0;;;0;;;13;;;67;;;;;;113;;;91;;;;;;55;;;6;;;;;;
2015;ENE - DIC;11/01/2016;ENT001;PROGRAMA NACIONAL CONTRA LA VIOLENCIA FAMILIAR Y SEXUAL;LIN001;ATENCIÓN INTEGRAL Y MULTIDISCIPLINARIA PARA VICTIMAS DE VIOLENCIA;SER004;LINEA 100;03;APURÍMAC;322;63;259;;90;210;9;;13;0;;;3;;;25;;;78;;;;;;98;;;71;;;;;;44;;;3;;;;;;
2015;ENE - DIC;11/01/2016;ENT001;PROGRAMA NACIONAL CONTRA LA VIOLENCIA FAMILIAR Y SEXUAL;LIN001;ATENCIÓN INTEGRAL Y MULTIDISCIPLINARIA PARA VICTIMAS DE VIOLENCIA;SER004;LINEA 100;04;AREQUIPA;1 445;130;1315;;678;629;70;;68;0;;;1;;;42;;;230;;;;;;505;;;412;;;;;;201;;;54;;;;;;
2015;ENE - DIC;11/01/2016;ENT001;PROGRAMA NACIONAL CONTRA LA VIOLENCIA FAMILIAR Y SEXUAL;LIN001;ATENCIÓN INTEGRAL Y MULTIDISCIPLINARIA PARA VICTIMAS DE VIOLENCIA;SER004;LINEA 100;05;AYACUCHO;620;107;513;;213;353;32;;22;0;;;2;;;29;;;139;;;;;;237;;;142;;;;;;64;;;7;;;;;;
2015;ENE - DIC;11/01/2016;ENT001;PROGRAMA NACIONAL CONTRA LA VIOLENCIA FAMILIAR Y SEXUAL;LIN001;ATENCIÓN INTEGRAL Y MULTIDISCIPLINARIA PARA VICTIMAS DE VIOLENCIA;SER004;LINEA 100;06;CAJAMARCA;1 258;182;1076;;421;694;82;;61;0;;;3;;;54;;;244;;;;;;455;;;360;;;;;;132;;;10;;;;;;
2015;ENE - DIC;11/01/2016;ENT001;PROGRAMA NACIONAL CONTRA LA VIOLENCIA FAMILIAR Y SEXUAL;LIN001;ATENCIÓN INTEGRAL Y MULTIDISCIPLINARIA PARA VICTIMAS DE VIOLENCIA;SER004;LINEA 100;07;CALLAO;2 060;249;1811;;901;961;102;;96;0;;;5;;;34;;;263;;;;;;762;;;561;;;;;;345;;;90;;;;;;
2015;ENE - DIC;11/01/2016;ENT001;PROGRAMA NACIONAL CONTRA LA VIOLENCIA FAMILIAR Y SEXUAL;LIN001;ATENCIÓN INTEGRAL Y MULTIDISCIPLINARIA PARA VICTIMAS DE VIOLENCIA;SER004;LINEA 100;08;CUSCO;1 098;142;956;;392;591;56;;59;0;;;8;;;50;;;237;;;;;;418;;;264;;;;;;106;;;15;;;;;;
2015;ENE - DIC;11/01/2016;ENT001;PROGRAMA NACIONAL CONTRA LA VIOLENCIA FAMILIAR Y SEXUAL;LIN001;ATENCIÓN INTEGRAL Y MULTIDISCIPLINARIA PARA VICTIMAS DE VIOLENCIA;SER004;LINEA 100;09;HUANCAVELICA;249;64;185;;78;143;19;;9;0;;;0;;;21;;;36;;;;;;105;;;56;;;;;;22;;;9;;;;;;
2015;ENE - DIC;11/01/2016;ENT001;PROGRAMA NACIONAL CONTRA LA VIOLENCIA FAMILIAR Y SEXUAL;LIN001;ATENCIÓN INTEGRAL Y MULTIDISCIPLINARIA PARA VICTIMAS DE VIOLENCIA;SER004;LINEA 100;10;HUÁNUCO;664;101;563;;193;381;61;;29;0;;;2;;;15;;;129;;;;;;265;;;168;;;;;;72;;;13;;;;;;
2015;ENE - DIC;11/01/2016;ENT001;PROGRAMA NACIONAL CONTRA LA VIOLENCIA FAMILIAR Y SEXUAL;LIN001;ATENCIÓN INTEGRAL Y MULTIDISCIPLINARIA PARA VICTIMAS DE VIOLENCIA;SER004;LINEA 100;11;ICA;1 157;113;1044;;501;542;71;;43;1;;;1;;;25;;;222;;;;;;456;;;298;;;;;;140;;;14;;;;;;
2015;ENE - DIC;11/01/2016;ENT001;PROGRAMA NACIONAL CONTRA LA VIOLENCIA FAMILIAR Y SEXUAL;LIN001;ATENCIÓN INTEGRAL Y MULTIDISCIPLINARIA PARA VICTIMAS DE VIOLENCIA;SER004;LINEA 100;12;JUNÍN;962;103;859;;340;504;76;;42;0;;;2;;;29;;;170;;;;;;382;;;237;;;;;;121;;;21;;;;;;
2015;ENE - DIC;11/01/2016;ENT001;PROGRAMA NACIONAL CONTRA LA VIOLENCIA FAMILIAR Y SEXUAL;LIN001;ATENCIÓN INTEGRAL Y MULTIDISCIPLINARIA PARA VICTIMAS DE VIOLENCIA;SER004;LINEA 100;13;LA LIBERTAD;1 877;261;1616;;750;922;108;;97;2;;;0;;;69;;;362;;;;;;624;;;508;;;;;;273;;;39;;;;;;
2015;ENE - DIC;11/01/2016;ENT001;PROGRAMA NACIONAL CONTRA LA VIOLENCIA FAMILIAR Y SEXUAL;LIN001;ATENCIÓN INTEGRAL Y MULTIDISCIPLINARIA PARA VICTIMAS DE VIOLENCIA;SER004;LINEA 100;14;LAMBAYEQUE;416;51;365;;164;209;23;;20;0;;;0;;;4;;;71;;;;;;152;;;107;;;;;;72;;;10;;;;;;
2015;ENE - DIC;11/01/2016;ENT001;PROGRAMA NACIONAL CONTRA LA VIOLENCIA FAMILIAR Y SEXUAL;LIN001;ATENCIÓN INTEGRAL Y MULTIDISCIPLINARIA PARA VICTIMAS DE VIOLENCIA;SER004;LINEA 100;15;LIMA;20 602;2473;18129;;8859;9413;1207;;1123;11;;;27;;;362;;;3 088;;;;;;7 111;;;5839;;;;;;3310;;;854;;;;;;
2015;ENE - DIC;11/01/2016;ENT001;PROGRAMA NACIONAL CONTRA LA VIOLENCIA FAMILIAR Y SEXUAL;LIN001;ATENCIÓN INTEGRAL Y MULTIDISCIPLINARIA PARA VICTIMAS DE VIOLENCIA;SER004;LINEA 100;16;LORETO;401;69;332;;163;184;40;;14;0;;;0;;;3;;;58;;;;;;138;;;125;;;;;;63;;;14;;;;;;
2015;ENE - DIC;11/01/2016;ENT001;PROGRAMA NACIONAL CONTRA LA VIOLENCIA FAMILIAR Y SEXUAL;LIN001;ATENCIÓN INTEGRAL Y MULTIDISCIPLINARIA PARA VICTIMAS DE VIOLENCIA;SER004;LINEA 100;17;MADRE DE DIOS;131;23;108;;42;73;12;;4;0;;;0;;;5;;;13;;;;;;55;;;35;;;;;;20;;;3;;;;;;
2015;ENE - DIC;11/01/2016;ENT001;PROGRAMA NACIONAL CONTRA LA VIOLENCIA FAMILIAR Y SEXUAL;LIN001;ATENCIÓN INTEGRAL Y MULTIDISCIPLINARIA PARA VICTIMAS DE VIOLENCIA;SER004;LINEA 100;18;MOQUEGUA;142;9;133;;66;64;7;;5;0;;;0;;;2;;;23;;;;;;68;;;33;;;;;;14;;;2;;;;;;
2015;ENE - DIC;11/01/2016;ENT001;PROGRAMA NACIONAL CONTRA LA VIOLENCIA FAMILIAR Y SEXUAL;LIN001;ATENCIÓN INTEGRAL Y MULTIDISCIPLINARIA PARA VICTIMAS DE VIOLENCIA;SER004;LINEA 100;19;PASCO;227;33;194;;89;112;14;;12;0;;;2;;;12;;;53;;;;;;101;;;47;;;;;;8;;;4;;;;;;
2015;ENE - DIC;11/01/2016;ENT001;PROGRAMA NACIONAL CONTRA LA VIOLENCIA FAMILIAR Y SEXUAL;LIN001;ATENCIÓN INTEGRAL Y MULTIDISCIPLINARIA PARA VICTIMAS DE VIOLENCIA;SER004;LINEA 100;20;PIURA;1 706;191;1 515;;632;936;76;;62;2;;;1;;;42;;;303;;;;;;643;;;503;;;;;;193;;;19;;;;;;
2015;ENE - DIC;11/01/2016;ENT001;PROGRAMA NACIONAL CONTRA LA VIOLENCIA FAMILIAR Y SEXUAL;LIN001;ATENCIÓN INTEGRAL Y MULTIDISCIPLINARIA PARA VICTIMAS DE VIOLENCIA;SER004;LINEA 100;21;PUNO;921;126;795;;290;548;46;;37;0;;;2;;;31;;;197;;;;;;390;;;198;;;;;;86;;;17;;;;;;
2015;ENE - DIC;11/01/2016;ENT001;PROGRAMA NACIONAL CONTRA LA VIOLENCIA FAMILIAR Y SEXUAL;LIN001;ATENCIÓN INTEGRAL Y MULTIDISCIPLINARIA PARA VICTIMAS DE VIOLENCIA;SER004;LINEA 100;22;SAN MARTÍN;944;163;781;;335;473;91;;45;0;;;0;;;48;;;200;;;;;;332;;;255;;;;;;99;;;10;;;;;;
2015;ENE - DIC;11/01/2016;ENT001;PROGRAMA NACIONAL CONTRA LA VIOLENCIA FAMILIAR Y SEXUAL;LIN001;ATENCIÓN INTEGRAL Y MULTIDISCIPLINARIA PARA VICTIMAS DE VIOLENCIA;SER004;LINEA 100;23;TACNA;287;28;259;;110;144;20;;13;0;;;0;;;6;;;50;;;;;;119;;;68;;;;;;34;;;10;;;;;;
2015;ENE - DIC;11/01/2016;ENT001;PROGRAMA NACIONAL CONTRA LA VIOLENCIA FAMILIAR Y SEXUAL;LIN001;ATENCIÓN INTEGRAL Y MULTIDISCIPLINARIA PARA VICTIMAS DE VIOLENCIA;SER004;LINEA 100;24;TUMBES;202;28;174;;76;112;10;;4;0;;;0;;;4;;;51;;;;;;61;;;41;;;;;;40;;;5;;;;;;
2015;ENE - DIC;11/01/2016;ENT001;PROGRAMA NACIONAL CONTRA LA VIOLENCIA FAMILIAR Y SEXUAL;LIN001;ATENCIÓN INTEGRAL Y MULTIDISCIPLINARIA PARA VICTIMAS DE VIOLENCIA;SER004;LINEA 100;25;UCAYALI;396;57;339;;149;201;29;;17;0;;;0;;;7;;;83;;;;;;147;;;99;;;;;;54;;;6;;;;;;
2016;ENE - DIC;13/01/2017;ENT001;PROGRAMA NACIONAL CONTRA LA VIOLENCIA FAMILIAR Y SEXUAL;LIN001;ATENCIÓN INTEGRAL Y MULTIDISCIPLINARIA PARA VICTIMAS DE VIOLENCIA;SER004;LINEA 100;01;AMAZONAS;432;85;347;;159;207;37;;29;3;0;3;2;1;1;31;4;27;;;;140;24;116;;;;;;;246;53;193;;;;10;3;7;;;;
2016;ENE - DIC;13/01/2017;ENT001;PROGRAMA NACIONAL CONTRA LA VIOLENCIA FAMILIAR Y SEXUAL;LIN001;ATENCIÓN INTEGRAL Y MULTIDISCIPLINARIA PARA VICTIMAS DE VIOLENCIA;SER004;LINEA 100;02;ÁNCASH;661;97;564;;222;344;48;;47;5;3;2;0;0;0;17;4;13;;;;186;22;164;;;;;;;439;62;377;;;;14;6;8;;;;
2016;ENE - DIC;13/01/2017;ENT001;PROGRAMA NACIONAL CONTRA LA VIOLENCIA FAMILIAR Y SEXUAL;LIN001;ATENCIÓN INTEGRAL Y MULTIDISCIPLINARIA PARA VICTIMAS DE VIOLENCIA;SER004;LINEA 100;03;APURÍMAC;385;74;311;;115;226;25;;19;2;0;2;0;0;0;30;9;21;;;;130;12;118;;;;;;;219;53;166;;;;4;0;4;;;;
2016;ENE - DIC;13/01/2017;ENT001;PROGRAMA NACIONAL CONTRA LA VIOLENCIA FAMILIAR Y SEXUAL;LIN001;ATENCIÓN INTEGRAL Y MULTIDISCIPLINARIA PARA VICTIMAS DE VIOLENCIA;SER004;LINEA 100;04;AREQUIPA;1 505;164;1341;;646;676;99;;84;10;2;8;1;1;0;27;7;20;;;;388;36;352;;;;;;;1 032;113;919;;;;47;5;42;;;;
2016;ENE - DIC;13/01/2017;ENT001;PROGRAMA NACIONAL CONTRA LA VIOLENCIA FAMILIAR Y SEXUAL;LIN001;ATENCIÓN INTEGRAL Y MULTIDISCIPLINARIA PARA VICTIMAS DE VIOLENCIA;SER004;LINEA 100;05;AYACUCHO;812;148;664;;247;461;57;;47;5;2;3;1;0;1;36;3;33;;;;266;23;243;;;;;;;490;117;373;;;;14;3;11;;;;
2016;ENE - DIC;13/01/2017;ENT001;PROGRAMA NACIONAL CONTRA LA VIOLENCIA FAMILIAR Y SEXUAL;LIN001;ATENCIÓN INTEGRAL Y MULTIDISCIPLINARIA PARA VICTIMAS DE VIOLENCIA;SER004;LINEA 100;06;CAJAMARCA;1 452;273;1179;;437;787;127;;101;3;0;3;5;0;5;48;6;42;;;;465;66;399;;;;;;;902;196;706;;;;29;5;24;;;;
2016;ENE - DIC;13/01/2017;ENT001;PROGRAMA NACIONAL CONTRA LA VIOLENCIA FAMILIAR Y SEXUAL;LIN001;ATENCIÓN INTEGRAL Y MULTIDISCIPLINARIA PARA VICTIMAS DE VIOLENCIA;SER004;LINEA 100;07;CALLAO;2 397;332;2065;;964;1 139;170;;124;17;3;14;4;1;3;32;5;27;;;;529;55;474;;;;;;;1 688;239;1 449;;;;127;29;98;;;;
2016;ENE - DIC;13/01/2017;ENT001;PROGRAMA NACIONAL CONTRA LA VIOLENCIA FAMILIAR Y SEXUAL;LIN001;ATENCIÓN INTEGRAL Y MULTIDISCIPLINARIA PARA VICTIMAS DE VIOLENCIA;SER004;LINEA 100;08;CUSCO;1 455;199;1256;;517;776;98;;64;17;5;12;5;1;4;42;11;31;;;;433;46;387;;;;;;;944;132;812;;;;14;4;10;;;;
2016;ENE - DIC;13/01/2017;ENT001;PROGRAMA NACIONAL CONTRA LA VIOLENCIA FAMILIAR Y SEXUAL;LIN001;ATENCIÓN INTEGRAL Y MULTIDISCIPLINARIA PARA VICTIMAS DE VIOLENCIA;SER004;LINEA 100;09;HUANCAVELICA;303;84;219;;98;152;34;;19;0;0;0;3;2;1;12;5;7;;;;105;13;92;;;;;;;174;63;111;;;;9;1;8;;;;
2016;ENE - DIC;13/01/2017;ENT001;PROGRAMA NACIONAL CONTRA LA VIOLENCIA FAMILIAR Y SEXUAL;LIN001;ATENCIÓN INTEGRAL Y MULTIDISCIPLINARIA PARA VICTIMAS DE VIOLENCIA;SER004;LINEA 100;10;HUÁNUCO;742;154;588;;237;382;74;;49;4;1;3;1;1;0;42;1;41;;;;246;37;209;;;;;;;440;111;329;;;;9;3;6;;;;
2016;ENE - DIC;13/01/2017;ENT001;PROGRAMA NACIONAL CONTRA LA VIOLENCIA FAMILIAR Y SEXUAL;LIN001;ATENCIÓN INTEGRAL Y MULTIDISCIPLINARIA PARA VICTIMAS DE VIOLENCIA;SER004;LINEA 100;11;ICA;1 069;165;904;;426;502;77;;64;16;1;15;1;0;1;13;2;11;;;;297;34;263;;;;;;;724;125;599;;;;18;3;15;;;;
2016;ENE - DIC;13/01/2017;ENT001;PROGRAMA NACIONAL CONTRA LA VIOLENCIA FAMILIAR Y SEXUAL;LIN001;ATENCIÓN INTEGRAL Y MULTIDISCIPLINARIA PARA VICTIMAS DE VIOLENCIA;SER004;LINEA 100;12;JUNÍN;1 237;197;1040;;443;598;137;;59;15;5;10;5;0;5;43;16;27;;;;379;26;353;;;;;;;767;145;622;;;;28;5;23;;;;
2016;ENE - DIC;13/01/2017;ENT001;PROGRAMA NACIONAL CONTRA LA VIOLENCIA FAMILIAR Y SEXUAL;LIN001;ATENCIÓN INTEGRAL Y MULTIDISCIPLINARIA PARA VICTIMAS DE VIOLENCIA;SER004;LINEA 100;13;LA LIBERTAD;2 080;314;1766;;810;1 016;150;;104;9;2;7;6;3;3;40;5;35;;;;594;64;530;;;;;;;1 365;228;1 137;;;;66;12;54;;;;
2016;ENE - DIC;13/01/2017;ENT001;PROGRAMA NACIONAL CONTRA LA VIOLENCIA FAMILIAR Y SEXUAL;LIN001;ATENCIÓN INTEGRAL Y MULTIDISCIPLINARIA PARA VICTIMAS DE VIOLENCIA;SER004;LINEA 100;14;LAMBAYEQUE;811;114;697;;310;393;74;;34;12;1;11;5;1;4;15;3;12;;;;230;24;206;;;;;;;511;73;438;;;;38;12;26;;;;
2016;ENE - DIC;13/01/2017;ENT001;PROGRAMA NACIONAL CONTRA LA VIOLENCIA FAMILIAR Y SEXUAL;LIN001;ATENCIÓN INTEGRAL Y MULTIDISCIPLINARIA PARA VICTIMAS DE VIOLENCIA;SER004;LINEA 100;15;LIMA METROPOLITANA;23 804;3 176;20 628;;10 050;10 619;1 613;;1 522;154;29;125;37;15;22;351;62;289;;;;5 771;552;5 219;;;;;;;16 370;2 313;14 057;;;;1 121;205;916;;;;
2016;ENE - DIC;13/01/2017;ENT001;PROGRAMA NACIONAL CONTRA LA VIOLENCIA FAMILIAR Y SEXUAL;LIN001;ATENCIÓN INTEGRAL Y MULTIDISCIPLINARIA PARA VICTIMAS DE VIOLENCIA;SER004;LINEA 100;15;LIMA PROVINCIA;1 039;124;915;;375;520;88;;56;6;1;5;1;0;1;17;3;14;;;;307;18;289;;;;;;;684;99;585;;;;24;3;21;;;;
2016;ENE - DIC;13/01/2017;ENT001;PROGRAMA NACIONAL CONTRA LA VIOLENCIA FAMILIAR Y SEXUAL;LIN001;ATENCIÓN INTEGRAL Y MULTIDISCIPLINARIA PARA VICTIMAS DE VIOLENCIA;SER004;LINEA 100;16;LORETO;571;130;441;;185;294;64;;28;3;3;0;0;0;0;25;3;22;;;;146;20;126;;;;;;;389;103;286;;;;8;1;7;;;;
2016;ENE - DIC;13/01/2017;ENT001;PROGRAMA NACIONAL CONTRA LA VIOLENCIA FAMILIAR Y SEXUAL;LIN001;ATENCIÓN INTEGRAL Y MULTIDISCIPLINARIA PARA VICTIMAS DE VIOLENCIA;SER004;LINEA 100;17;MADRE DE DIOS;237;42;195;;52;146;29;;10;1;0;1;1;1;0;18;0;18;;;;62;7;55;;;;;;;149;33;116;;;;6;1;5;;;;
2016;ENE - DIC;13/01/2017;ENT001;PROGRAMA NACIONAL CONTRA LA VIOLENCIA FAMILIAR Y SEXUAL;LIN001;ATENCIÓN INTEGRAL Y MULTIDISCIPLINARIA PARA VICTIMAS DE VIOLENCIA;SER004;LINEA 100;18;MOQUEGUA;193;47;146;;58;115;10;;10;0;0;0;1;0;1;1;0;1;;;;47;8;39;;;;;;;142;39;103;;;;2;0;2;;;;
2016;ENE - DIC;13/01/2017;ENT001;PROGRAMA NACIONAL CONTRA LA VIOLENCIA FAMILIAR Y SEXUAL;LIN001;ATENCIÓN INTEGRAL Y MULTIDISCIPLINARIA PARA VICTIMAS DE VIOLENCIA;SER004;LINEA 100;19;PASCO;223;43;180;;79;117;16;;11;1;0;1;4;0;4;4;0;4;;;;62;3;59;;;;;;;137;26;111;;;;15;14;1;;;;
2016;ENE - DIC;13/01/2017;ENT001;PROGRAMA NACIONAL CONTRA LA VIOLENCIA FAMILIAR Y SEXUAL;LIN001;ATENCIÓN INTEGRAL Y MULTIDISCIPLINARIA PARA VICTIMAS DE VIOLENCIA;SER004;LINEA 100;20;PIURA;2 015;284;1731;;690;1 110;132;;83;17;3;14;4;1;3;44;10;34;;;;593;62;531;;;;;;;1 316;198;1 118;;;;41;10;31;;;;
2016;ENE - DIC;13/01/2017;ENT001;PROGRAMA NACIONAL CONTRA LA VIOLENCIA FAMILIAR Y SEXUAL;LIN001;ATENCIÓN INTEGRAL Y MULTIDISCIPLINARIA PARA VICTIMAS DE VIOLENCIA;SER004;LINEA 100;21;PUNO;1 348;194;1154;;445;751;70;;82;8;2;6;5;1;4;39;9;30;;;;523;63;460;;;;;;;756;113;643;;;;17;6;11;;;;
2016;ENE - DIC;13/01/2017;ENT001;PROGRAMA NACIONAL CONTRA LA VIOLENCIA FAMILIAR Y SEXUAL;LIN001;ATENCIÓN INTEGRAL Y MULTIDISCIPLINARIA PARA VICTIMAS DE VIOLENCIA;SER004;LINEA 100;22;SAN MARTÍN;914;211;703;;270;474;103;;67;9;4;5;3;0;3;51;5;46;;;;257;36;221;;;;;;;573;158;415;;;;21;8;13;;;;
2016;ENE - DIC;13/01/2017;ENT001;PROGRAMA NACIONAL CONTRA LA VIOLENCIA FAMILIAR Y SEXUAL;LIN001;ATENCIÓN INTEGRAL Y MULTIDISCIPLINARIA PARA VICTIMAS DE VIOLENCIA;SER004;LINEA 100;23;TACNA;300;37;263;;122;147;17;;14;2;0;2;0;0;0;5;0;5;;;;93;7;86;;;;;;;191;26;165;;;;9;4;5;;;;
2016;ENE - DIC;13/01/2017;ENT001;PROGRAMA NACIONAL CONTRA LA VIOLENCIA FAMILIAR Y SEXUAL;LIN001;ATENCIÓN INTEGRAL Y MULTIDISCIPLINARIA PARA VICTIMAS DE VIOLENCIA;SER004;LINEA 100;24;TUMBES;241;47;194;;59;152;18;;12;1;0;1;1;1;0;6;3;3;;;;87;10;77;;;;;;;144;32;112;;;;2;1;1;;;;
2016;ENE - DIC;13/01/2017;ENT001;PROGRAMA NACIONAL CONTRA LA VIOLENCIA FAMILIAR Y SEXUAL;LIN001;ATENCIÓN INTEGRAL Y MULTIDISCIPLINARIA PARA VICTIMAS DE VIOLENCIA;SER004;LINEA 100;25;UCAYALI;419;74;345;;155;205;42;;17;1;0;1;0;0;0;11;0;11;;;;130;22;108;;;;;;;273;52;221;;;;4;0;4;;;;
2017;ENE - DIC;16/01/2018;ENT001;PROGRAMA NACIONAL CONTRA LA VIOLENCIA FAMILIAR Y SEXUAL;LIN001;ATENCIÓN INTEGRAL Y MULTIDISCIPLINARIA PARA VICTIMAS DE VIOLENCIA;SER004;LINEA 100;01;AMAZONAS;506;115;391;;120;283;71;;32;0;0;0;1;0;1;21;20;1;;;;121;11;110;;;;;;;339;98;241;;;;12;0;12;12;5;7;
2017;ENE - DIC;16/01/2018;ENT001;PROGRAMA NACIONAL CONTRA LA VIOLENCIA FAMILIAR Y SEXUAL;LIN001;ATENCIÓN INTEGRAL Y MULTIDISCIPLINARIA PARA VICTIMAS DE VIOLENCIA;SER004;LINEA 100;02;ÁNCASH;1082;241;841;;310;622;92;;58;0;0;0;6;4;2;49;24;25;;;;294;49;245;;;;;;;683;155;528;;;;29;5;24;21;3;18;
2017;ENE - DIC;16/01/2018;ENT001;PROGRAMA NACIONAL CONTRA LA VIOLENCIA FAMILIAR Y SEXUAL;LIN001;ATENCIÓN INTEGRAL Y MULTIDISCIPLINARIA PARA VICTIMAS DE VIOLENCIA;SER004;LINEA 100;03;APURÍMAC;631;113;518;;139;406;53;;33;0;0;0;0;0;0;36;36;0;;;;186;14;172;;;;;;;396;96;300;;;;7;2;5;6;1;5;
2017;ENE - DIC;16/01/2018;ENT001;PROGRAMA NACIONAL CONTRA LA VIOLENCIA FAMILIAR Y SEXUAL;LIN001;ATENCIÓN INTEGRAL Y MULTIDISCIPLINARIA PARA VICTIMAS DE VIOLENCIA;SER004;LINEA 100;04;AREQUIPA;2414;319;2095;;811;1163;260;;180;0;0;0;1;0;1;39;27;12;;;;587;59;528;;;;;;;1676;226;1450;;;;75;13;62;36;9;27;
2017;ENE - DIC;16/01/2018;ENT001;PROGRAMA NACIONAL CONTRA LA VIOLENCIA FAMILIAR Y SEXUAL;LIN001;ATENCIÓN INTEGRAL Y MULTIDISCIPLINARIA PARA VICTIMAS DE VIOLENCIA;SER004;LINEA 100;05;AYACUCHO;954;153;801;;254;546;102;;52;0;0;0;1;0;1;22;17;5;;;;312;36;276;;;;;;;587;106;481;;;;17;4;13;15;2;13;
2017;ENE - DIC;16/01/2018;ENT001;PROGRAMA NACIONAL CONTRA LA VIOLENCIA FAMILIAR Y SEXUAL;LIN001;ATENCIÓN INTEGRAL Y MULTIDISCIPLINARIA PARA VICTIMAS DE VIOLENCIA;SER004;LINEA 100;06;CAJAMARCA;1719;304;1415;;464;936;179;;140;0;0;0;7;4;3;67;51;16;;;;529;67;462;;;;;;;1057;203;854;;;;26;8;18;33;6;27;
2017;ENE - DIC;16/01/2018;ENT001;PROGRAMA NACIONAL CONTRA LA VIOLENCIA FAMILIAR Y SEXUAL;LIN001;ATENCIÓN INTEGRAL Y MULTIDISCIPLINARIA PARA VICTIMAS DE VIOLENCIA;SER004;LINEA 100;07;CALLAO;3424;488;2936;;1072;1801;306;;245;0;0;0;9;1;8;51;38;13;;;;773;86;687;;;;;;;2334;362;1972;;;;177;19;158;80;7;73;
2017;ENE - DIC;16/01/2018;ENT001;PROGRAMA NACIONAL CONTRA LA VIOLENCIA FAMILIAR Y SEXUAL;LIN001;ATENCIÓN INTEGRAL Y MULTIDISCIPLINARIA PARA VICTIMAS DE VIOLENCIA;SER004;LINEA 100;08;CUSCO;2137;395;1742;;545;1273;184;;135;0;0;0;6;1;5;95;72;23;;;;537;61;476;;;;;;;1424;290;1134;;;;40;12;28;35;8;27;
2017;ENE - DIC;16/01/2018;ENT001;PROGRAMA NACIONAL CONTRA LA VIOLENCIA FAMILIAR Y SEXUAL;LIN001;ATENCIÓN INTEGRAL Y MULTIDISCIPLINARIA PARA VICTIMAS DE VIOLENCIA;SER004;LINEA 100;09;HUANCAVELICA;358;115;243;;93;192;53;;20;0;0;0;0;0;0;10;6;4;;;;95;20;75;;;;;;;232;82;150;;;;14;9;5;7;0;7;
2017;ENE - DIC;16/01/2018;ENT001;PROGRAMA NACIONAL CONTRA LA VIOLENCIA FAMILIAR Y SEXUAL;LIN001;ATENCIÓN INTEGRAL Y MULTIDISCIPLINARIA PARA VICTIMAS DE VIOLENCIA;SER004;LINEA 100;10;HUÁNUCO;1189;267;922;;321;670;112;;86;0;0;0;4;1;3;38;29;9;;;;317;51;266;;;;;;;787;196;591;;;;18;8;10;25;2;23;
2017;ENE - DIC;16/01/2018;ENT001;PROGRAMA NACIONAL CONTRA LA VIOLENCIA FAMILIAR Y SEXUAL;LIN001;ATENCIÓN INTEGRAL Y MULTIDISCIPLINARIA PARA VICTIMAS DE VIOLENCIA;SER004;LINEA 100;11;ICA;1553;196;1357;;455;842;153;;103;0;0;0;2;0;2;35;30;5;;;;434;42;392;;;;;;;1015;135;880;;;;34;11;23;33;3;30;
2017;ENE - DIC;16/01/2018;ENT001;PROGRAMA NACIONAL CONTRA LA VIOLENCIA FAMILIAR Y SEXUAL;LIN001;ATENCIÓN INTEGRAL Y MULTIDISCIPLINARIA PARA VICTIMAS DE VIOLENCIA;SER004;LINEA 100;12;JUNÍN;1957;333;1624;;521;1095;230;;111;0;0;0;3;2;1;57;50;7;;;;574;83;491;;;;;;;1263;233;1030;;;;29;5;24;31;3;28;
2017;ENE - DIC;16/01/2018;ENT001;PROGRAMA NACIONAL CONTRA LA VIOLENCIA FAMILIAR Y SEXUAL;LIN001;ATENCIÓN INTEGRAL Y MULTIDISCIPLINARIA PARA VICTIMAS DE VIOLENCIA;SER004;LINEA 100;13;LA LIBERTAD;2756;411;2345;;794;1554;235;;173;0;0;0;9;1;8;66;55;11;;;;784;83;701;;;;;;;1753;280;1473;;;;91;27;64;53;9;44;
2017;ENE - DIC;16/01/2018;ENT001;PROGRAMA NACIONAL CONTRA LA VIOLENCIA FAMILIAR Y SEXUAL;LIN001;ATENCIÓN INTEGRAL Y MULTIDISCIPLINARIA PARA VICTIMAS DE VIOLENCIA;SER004;LINEA 100;14;LAMBAYEQUE;1402;205;1197;;420;755;139;;88;0;0;0;5;2;3;38;29;9;;;;404;46;358;;;;;;;865;132;733;;;;59;9;50;31;7;24;
2017;ENE - DIC;16/01/2018;ENT001;PROGRAMA NACIONAL CONTRA LA VIOLENCIA FAMILIAR Y SEXUAL;LIN001;ATENCIÓN INTEGRAL Y MULTIDISCIPLINARIA PARA VICTIMAS DE VIOLENCIA;SER004;LINEA 100;15;LIMA METROPOLITANA;32487;4642;27845;;10475;16587;2888;;2537;0;0;0;49;14;35;508;432;76;;;;7602;750;6852;;;;;;;22092;3445;18647;;;;1620;269;1351;616;88;528;
2017;ENE - DIC;16/01/2018;ENT001;PROGRAMA NACIONAL CONTRA LA VIOLENCIA FAMILIAR Y SEXUAL;LIN001;ATENCIÓN INTEGRAL Y MULTIDISCIPLINARIA PARA VICTIMAS DE VIOLENCIA;SER004;LINEA 100;15;LIMA PROVINCIA;1548;226;1322;;450;847;139;;112;0;0;0;5;0;5;39;36;3;;;;371;44;327;;;;;;;1058;160;898;;;;34;15;19;41;4;37;
2017;ENE - DIC;16/01/2018;ENT001;PROGRAMA NACIONAL CONTRA LA VIOLENCIA FAMILIAR Y SEXUAL;LIN001;ATENCIÓN INTEGRAL Y MULTIDISCIPLINARIA PARA VICTIMAS DE VIOLENCIA;SER004;LINEA 100;16;LORETO;704;158;546;;164;412;79;;49;0;0;0;7;0;7;21;15;6;;;;178;29;149;;;;;;;476;114;362;;;;14;8;6;8;1;7;
2017;ENE - DIC;16/01/2018;ENT001;PROGRAMA NACIONAL CONTRA LA VIOLENCIA FAMILIAR Y SEXUAL;LIN001;ATENCIÓN INTEGRAL Y MULTIDISCIPLINARIA PARA VICTIMAS DE VIOLENCIA;SER004;LINEA 100;17;MADRE DE DIOS;319;70;249;;48;195;58;;18;0;0;0;0;0;0;6;5;1;;;;93;14;79;;;;;;;205;50;155;;;;6;1;5;9;4;5;
2017;ENE - DIC;16/01/2018;ENT001;PROGRAMA NACIONAL CONTRA LA VIOLENCIA FAMILIAR Y SEXUAL;LIN001;ATENCIÓN INTEGRAL Y MULTIDISCIPLINARIA PARA VICTIMAS DE VIOLENCIA;SER004;LINEA 100;18;MOQUEGUA;319;51;268;;105;175;16;;23;0;0;0;3;1;2;2;1;1;;;;93;13;80;;;;;;;198;33;165;;;;8;2;6;15;1;14;
2017;ENE - DIC;16/01/2018;ENT001;PROGRAMA NACIONAL CONTRA LA VIOLENCIA FAMILIAR Y SEXUAL;LIN001;ATENCIÓN INTEGRAL Y MULTIDISCIPLINARIA PARA VICTIMAS DE VIOLENCIA;SER004;LINEA 100;19;PASCO;387;69;318;;102;222;37;;26;0;0;0;2;0;2;22;17;5;;;;145;11;134;;;;;;;213;52;161;;;;4;1;3;1;0;1;
2017;ENE - DIC;16/01/2018;ENT001;PROGRAMA NACIONAL CONTRA LA VIOLENCIA FAMILIAR Y SEXUAL;LIN001;ATENCIÓN INTEGRAL Y MULTIDISCIPLINARIA PARA VICTIMAS DE VIOLENCIA;SER004;LINEA 100;20;PIURA;2692;389;2303;;792;1525;226;;149;0;0;0;6;5;1;65;48;17;;;;724;78;646;;;;;;;1778;264;1514;;;;61;15;46;58;10;48;
2017;ENE - DIC;16/01/2018;ENT001;PROGRAMA NACIONAL CONTRA LA VIOLENCIA FAMILIAR Y SEXUAL;LIN001;ATENCIÓN INTEGRAL Y MULTIDISCIPLINARIA PARA VICTIMAS DE VIOLENCIA;SER004;LINEA 100;21;PUNO;1713;247;1466;;509;974;136;;94;0;0;0;6;4;2;82;70;12;;;;591;37;554;;;;;;;976;176;800;;;;29;10;19;29;8;21;
2017;ENE - DIC;16/01/2018;ENT001;PROGRAMA NACIONAL CONTRA LA VIOLENCIA FAMILIAR Y SEXUAL;LIN001;ATENCIÓN INTEGRAL Y MULTIDISCIPLINARIA PARA VICTIMAS DE VIOLENCIA;SER004;LINEA 100;22;SAN MARTÍN;1531;306;1225;;372;880;186;;93;0;0;0;6;0;6;46;39;7;;;;431;59;372;;;;;;;1002;231;771;;;;13;6;7;33;3;30;
2017;ENE - DIC;16/01/2018;ENT001;PROGRAMA NACIONAL CONTRA LA VIOLENCIA FAMILIAR Y SEXUAL;LIN001;ATENCIÓN INTEGRAL Y MULTIDISCIPLINARIA PARA VICTIMAS DE VIOLENCIA;SER004;LINEA 100;23;TACNA;465;63;402;;159;226;45;;35;0;0;0;2;1;1;9;8;1;;;;96;2;94;;;;;;;332;52;280;;;;18;7;11;8;0;8;
2017;ENE - DIC;16/01/2018;ENT001;PROGRAMA NACIONAL CONTRA LA VIOLENCIA FAMILIAR Y SEXUAL;LIN001;ATENCIÓN INTEGRAL Y MULTIDISCIPLINARIA PARA VICTIMAS DE VIOLENCIA;SER004;LINEA 100;24;TUMBES;303;45;258;;84;185;19;;15;0;0;0;1;1;0;8;5;3;;;;100;19;81;;;;;;;183;22;161;;;;5;0;5;6;0;6;
2017;ENE - DIC;16/01/2018;ENT001;PROGRAMA NACIONAL CONTRA LA VIOLENCIA FAMILIAR Y SEXUAL;LIN001;ATENCIÓN INTEGRAL Y MULTIDISCIPLINARIA PARA VICTIMAS DE VIOLENCIA;SER004;LINEA 100;25;UCAYALI;518;89;429;;129;297;66;;26;0;0;0;5;1;4;21;20;1;;;;144;25;119;;;;;;;334;61;273;;;;4;0;4;10;1;9;
2018;ENE - DIC;31/12/2018;ENT001;PROGRAMA NACIONAL CONTRA LA VIOLENCIA FAMILIAR Y SEXUAL;LIN001;ATENCIÓN INTEGRAL Y MULTIDISCIPLINARIA PARA VICTIMAS DE VIOLENCIA;SER004;LINEA 100;01;AMAZONAS;579;113;339;127;131;284;83;1;80;0;0;0;0;0;0;15;2;13;;;;126;21;105;;;;;;;277;81;196;;;;6;2;4;28;7;21;127
2018;ENE - DIC;31/12/2018;ENT001;PROGRAMA NACIONAL CONTRA LA VIOLENCIA FAMILIAR Y SEXUAL;LIN001;ATENCIÓN INTEGRAL Y MULTIDISCIPLINARIA PARA VICTIMAS DE VIOLENCIA;SER004;LINEA 100;02;ÁNCASH;1211;179;829;203;282;612;125;1;191;0;0;0;6;1;5;49;14;35;;;;250;29;221;;;;;;;615;113;502;;;;33;12;21;55;10;45;203
2018;ENE - DIC;31/12/2018;ENT001;PROGRAMA NACIONAL CONTRA LA VIOLENCIA FAMILIAR Y SEXUAL;LIN001;ATENCIÓN INTEGRAL Y MULTIDISCIPLINARIA PARA VICTIMAS DE VIOLENCIA;SER004;LINEA 100;03;APURÍMAC;703;131;462;110;147;402;76;3;75;0;0;0;3;1;2;21;3;18;;;;163;21;142;;;;;;;370;99;271;;;;5;2;3;31;5;26;110
2018;ENE - DIC;31/12/2018;ENT001;PROGRAMA NACIONAL CONTRA LA VIOLENCIA FAMILIAR Y SEXUAL;LIN001;ATENCIÓN INTEGRAL Y MULTIDISCIPLINARIA PARA VICTIMAS DE VIOLENCIA;SER004;LINEA 100;04;AREQUIPA;3127;379;2332;416;892;1381;324;10;520;0;0;0;0;0;0;53;19;34;;;;572;64;508;;;;;;;1846;261;1585;;;;93;11;82;147;24;123;416
2018;ENE - DIC;31/12/2018;ENT001;PROGRAMA NACIONAL CONTRA LA VIOLENCIA FAMILIAR Y SEXUAL;LIN001;ATENCIÓN INTEGRAL Y MULTIDISCIPLINARIA PARA VICTIMAS DE VIOLENCIA;SER004;LINEA 100;05;AYACUCHO;1099;183;781;135;230;602;114;4;149;0;0;0;8;3;5;50;3;47;;;;263;26;237;;;;;;;567;129;438;;;;15;6;9;61;16;45;135
2018;ENE - DIC;31/12/2018;ENT001;PROGRAMA NACIONAL CONTRA LA VIOLENCIA FAMILIAR Y SEXUAL;LIN001;ATENCIÓN INTEGRAL Y MULTIDISCIPLINARIA PARA VICTIMAS DE VIOLENCIA;SER004;LINEA 100;06;CAJAMARCA;1865;285;1294;286;405;901;254;8;297;0;0;0;3;0;3;50;8;42;;;;425;37;388;;;;;;;986;204;782;;;;39;16;23;76;20;56;286
2018;ENE - DIC;31/12/2018;ENT001;PROGRAMA NACIONAL CONTRA LA VIOLENCIA FAMILIAR Y SEXUAL;LIN001;ATENCIÓN INTEGRAL Y MULTIDISCIPLINARIA PARA VICTIMAS DE VIOLENCIA;SER004;LINEA 100;07;CALLAO;3809;486;2651;672;961;1901;322;19;606;0;0;0;9;5;4;56;16;40;;;;729;81;648;;;;;;;2014;324;1690;;;;181;34;147;148;26;122;672
2018;ENE - DIC;31/12/2018;ENT001;PROGRAMA NACIONAL CONTRA LA VIOLENCIA FAMILIAR Y SEXUAL;LIN001;ATENCIÓN INTEGRAL Y MULTIDISCIPLINARIA PARA VICTIMAS DE VIOLENCIA;SER004;LINEA 100;08;CUSCO;2150;332;1548;270;490;1151;206;9;294;0;0;0;10;0;10;77;16;61;;;;506;49;457;;;;;;;1141;226;915;;;;38;17;21;108;24;84;270
2018;ENE - DIC;31/12/2018;ENT001;PROGRAMA NACIONAL CONTRA LA VIOLENCIA FAMILIAR Y SEXUAL;LIN001;ATENCIÓN INTEGRAL Y MULTIDISCIPLINARIA PARA VICTIMAS DE VIOLENCIA;SER004;LINEA 100;09;HUANCAVELICA;503;118;324;61;86;282;75;1;59;0;0;0;0;0;0;16;4;12;;;;100;19;81;;;;;;;296;82;214;;;;5;2;3;25;11;14;61
2018;ENE - DIC;31/12/2018;ENT001;PROGRAMA NACIONAL CONTRA LA VIOLENCIA FAMILIAR Y SEXUAL;LIN001;ATENCIÓN INTEGRAL Y MULTIDISCIPLINARIA PARA VICTIMAS DE VIOLENCIA;SER004;LINEA 100;10;HUÁNUCO;1293;246;895;152;271;655;165;3;199;0;0;0;4;2;2;59;7;52;;;;325;45;280;;;;;;;666;171;495;;;;17;10;7;70;11;59;152
2018;ENE - DIC;31/12/2018;ENT001;PROGRAMA NACIONAL CONTRA LA VIOLENCIA FAMILIAR Y SEXUAL;LIN001;ATENCIÓN INTEGRAL Y MULTIDISCIPLINARIA PARA VICTIMAS DE VIOLENCIA;SER004;LINEA 100;11;ICA;1845;263;1294;288;519;880;173;5;268;0;0;0;6;1;5;51;10;41;;;;354;43;311;;;;;;;1026;183;843;;;;42;12;30;78;14;64;288
2018;ENE - DIC;31/12/2018;ENT001;PROGRAMA NACIONAL CONTRA LA VIOLENCIA FAMILIAR Y SEXUAL;LIN001;ATENCIÓN INTEGRAL Y MULTIDISCIPLINARIA PARA VICTIMAS DE VIOLENCIA;SER004;LINEA 100;12;JUNÍN;2290;343;1624;323;490;1163;286;4;347;0;0;0;3;2;1;73;12;61;;;;496;52;444;;;;;;;1240;246;994;;;;41;12;29;114;19;95;323
2018;ENE - DIC;31/12/2018;ENT001;PROGRAMA NACIONAL CONTRA LA VIOLENCIA FAMILIAR Y SEXUAL;LIN001;ATENCIÓN INTEGRAL Y MULTIDISCIPLINARIA PARA VICTIMAS DE VIOLENCIA;SER004;LINEA 100;13;LA LIBERTAD;3180;473;2136;571;781;1646;312;8;433;0;0;0;0;0;0;69;11;58;;;;648;92;556;;;;;;;1689;327;1362;;;;81;22;59;122;21;101;571
2018;ENE - DIC;31/12/2018;ENT001;PROGRAMA NACIONAL CONTRA LA VIOLENCIA FAMILIAR Y SEXUAL;LIN001;ATENCIÓN INTEGRAL Y MULTIDISCIPLINARIA PARA VICTIMAS DE VIOLENCIA;SER004;LINEA 100;14;LAMBAYEQUE;1473;199;1041;233;390;721;140;2;220;0;0;0;2;0;2;20;3;17;;;;309;47;262;;;;;;;789;118;671;;;;51;16;35;69;15;54;233
2018;ENE - DIC;31/12/2018;ENT001;PROGRAMA NACIONAL CONTRA LA VIOLENCIA FAMILIAR Y SEXUAL;LIN001;ATENCIÓN INTEGRAL Y MULTIDISCIPLINARIA PARA VICTIMAS DE VIOLENCIA;SER004;LINEA 100;15;LIMA METROPOLITANA;39 363;5 335;27 895;6 133;10371;17907;3644;121;7320;0;0;0;60;23;37;464;70;394;;;;6850;683;6167;;;;;;;22341;3947;18394;;;;1669;286;1383;1846;326;1520;6133
2018;ENE - DIC;31/12/2018;ENT001;PROGRAMA NACIONAL CONTRA LA VIOLENCIA FAMILIAR Y SEXUAL;LIN001;ATENCIÓN INTEGRAL Y MULTIDISCIPLINARIA PARA VICTIMAS DE VIOLENCIA;SER004;LINEA 100;15;LIMA PROVINCIA;1561;217;1103;241;362;788;175;7;229;0;0;0;5;1;4;22;4;18;;;;332;32;300;;;;;;;851;155;696;;;;45;7;38;65;18;47;241
2018;ENE - DIC;31/12/2018;ENT001;PROGRAMA NACIONAL CONTRA LA VIOLENCIA FAMILIAR Y SEXUAL;LIN001;ATENCIÓN INTEGRAL Y MULTIDISCIPLINARIA PARA VICTIMAS DE VIOLENCIA;SER004;LINEA 100;16;LORETO;750;135;476;139;159;402;96;2;91;0;0;0;2;2;0;28;4;24;;;;156;13;143;;;;;;;363;98;265;;;;20;5;15;42;13;29;139
2018;ENE - DIC;31/12/2018;ENT001;PROGRAMA NACIONAL CONTRA LA VIOLENCIA FAMILIAR Y SEXUAL;LIN001;ATENCIÓN INTEGRAL Y MULTIDISCIPLINARIA PARA VICTIMAS DE VIOLENCIA;SER004;LINEA 100;17;MADRE DE DIOS;436;56;265;115;70;249;58;0;59;0;0;0;0;0;0;2;0;2;;;;78;7;71;;;;;;;213;41;172;;;;5;1;4;23;7;16;115
2018;ENE - DIC;31/12/2018;ENT001;PROGRAMA NACIONAL CONTRA LA VIOLENCIA FAMILIAR Y SEXUAL;LIN001;ATENCIÓN INTEGRAL Y MULTIDISCIPLINARIA PARA VICTIMAS DE VIOLENCIA;SER004;LINEA 100;18;MOQUEGUA;351;48;214;89;102;160;36;1;52;0;0;0;1;1;0;8;4;4;;;;59;5;54;;;;;;;179;35;144;;;;4;1;3;11;2;9;89
2018;ENE - DIC;31/12/2018;ENT001;PROGRAMA NACIONAL CONTRA LA VIOLENCIA FAMILIAR Y SEXUAL;LIN001;ATENCIÓN INTEGRAL Y MULTIDISCIPLINARIA PARA VICTIMAS DE VIOLENCIA;SER004;LINEA 100;19;PASCO;333;64;220;49;72;161;37;2;61;0;0;0;0;0;0;15;2;13;;;;74;3;71;;;;;;;184;56;128;;;;3;3;0;8;0;8;49
2018;ENE - DIC;31/12/2018;ENT001;PROGRAMA NACIONAL CONTRA LA VIOLENCIA FAMILIAR Y SEXUAL;LIN001;ATENCIÓN INTEGRAL Y MULTIDISCIPLINARIA PARA VICTIMAS DE VIOLENCIA;SER004;LINEA 100;20;PIURA;2928;353;2044;531;709;1565;262;5;387;0;0;0;10;4;6;66;15;51;;;;644;62;582;;;;;;;1453;225;1228;;;;56;22;34;168;25;143;531
2018;ENE - DIC;31/12/2018;ENT001;PROGRAMA NACIONAL CONTRA LA VIOLENCIA FAMILIAR Y SEXUAL;LIN001;ATENCIÓN INTEGRAL Y MULTIDISCIPLINARIA PARA VICTIMAS DE VIOLENCIA;SER004;LINEA 100;21;PUNO;1903;285;1418;200;443;1063;140;3;254;0;0;0;7;4;3;80;18;62;;;;505;48;457;;;;;;;1004;189;815;;;;30;9;21;77;17;60;200
2018;ENE - DIC;31/12/2018;ENT001;PROGRAMA NACIONAL CONTRA LA VIOLENCIA FAMILIAR Y SEXUAL;LIN001;ATENCIÓN INTEGRAL Y MULTIDISCIPLINARIA PARA VICTIMAS DE VIOLENCIA;SER004;LINEA 100;22;SAN MARTÍN;1716;275;1088;353;341;929;211;1;234;0;0;0;2;2;0;61;10;51;;;;317;34;283;;;;;;;874;203;671;;;;36;13;23;73;13;60;353
2018;ENE - DIC;31/12/2018;ENT001;PROGRAMA NACIONAL CONTRA LA VIOLENCIA FAMILIAR Y SEXUAL;LIN001;ATENCIÓN INTEGRAL Y MULTIDISCIPLINARIA PARA VICTIMAS DE VIOLENCIA;SER004;LINEA 100;23;TACNA;579;91;414;74;151;273;61;1;93;0;0;0;0;0;0;5;0;5;;;;129;24;105;;;;;;;315;50;265;;;;27;11;16;29;6;23;74
2018;ENE - DIC;31/12/2018;ENT001;PROGRAMA NACIONAL CONTRA LA VIOLENCIA FAMILIAR Y SEXUAL;LIN001;ATENCIÓN INTEGRAL Y MULTIDISCIPLINARIA PARA VICTIMAS DE VIOLENCIA;SER004;LINEA 100;24;TUMBES;326;35;219;72;69;193;28;1;35;0;0;0;0;0;0;11;1;10;;;;71;6;65;;;;;;;150;21;129;;;;8;5;3;14;2;12;72
2018;ENE - DIC;31/12/2018;ENT001;PROGRAMA NACIONAL CONTRA LA VIOLENCIA FAMILIAR Y SEXUAL;LIN001;ATENCIÓN INTEGRAL Y MULTIDISCIPLINARIA PARA VICTIMAS DE VIOLENCIA;SER004;LINEA 100;25;UCAYALI;615;102;408;105;132;310;96;0;77;0;0;0;3;1;2;25;1;24;;;;115;21;94;;;;;;;331;73;258;;;;12;1;11;24;5;19;105
2019;ENE - MAY;14/06/2019;ENT001;PROGRAMA NACIONAL CONTRA LA VIOLENCIA FAMILIAR Y SEXUAL;LN001;ATENCIÓN INTEGRAL Y MULTIDISCIPLINARIA PARA VICTIMAS DE VIOLENCIA;;LINEA100;01;AMAZONAS;348;73;221;54;74;144;48;1;81;0;0;0;1;0;1;10;2;8;;;;67;7;60;;;;;;;143;41;102;;;;9;5;4;118;18;46;54
2019;ENE - MAY;14/06/2019;ENT001;PROGRAMA NACIONAL CONTRA LA VIOLENCIA FAMILIAR Y SEXUAL;LN001;ATENCIÓN INTEGRAL Y MULTIDISCIPLINARIA PARA VICTIMAS DE VIOLENCIA;;LINEA100;02;ÁNCASH;814;160;563;91;183;390;85;2;154;0;0;0;9;1;8;23;6;17;;;;171;24;147;;;;;;;412;109;303;;;;21;5;16;178;15;72;91
2019;ENE - MAY;14/06/2019;ENT001;PROGRAMA NACIONAL CONTRA LA VIOLENCIA FAMILIAR Y SEXUAL;LN001;ATENCIÓN INTEGRAL Y MULTIDISCIPLINARIA PARA VICTIMAS DE VIOLENCIA;;LINEA100;03;APURÍMAC;415;81;289;45;91;229;31;0;64;0;0;0;0;0;0;8;2;6;;;;75;8;67;;;;;;;236;51;185;;;;8;6;2;88;14;29;45
2019;ENE - MAY;14/06/2019;ENT001;PROGRAMA NACIONAL CONTRA LA VIOLENCIA FAMILIAR Y SEXUAL;LN001;ATENCIÓN INTEGRAL Y MULTIDISCIPLINARIA PARA VICTIMAS DE VIOLENCIA;;LINEA100;04;AREQUIPA;1 856;285;1 391;180;493;812;168;3;380;0;0;0;2;1;1;33;7;26;;;;339;36;303;;;;;;;1094;194;900;;;;54;13;41;334;34;120;180
2019;ENE - MAY;14/06/2019;ENT001;PROGRAMA NACIONAL CONTRA LA VIOLENCIA FAMILIAR Y SEXUAL;LN001;ATENCIÓN INTEGRAL Y MULTIDISCIPLINARIA PARA VICTIMAS DE VIOLENCIA;;LINEA100;05;AYACUCHO;658;113;490;55;166;323;58;2;109;0;0;0;1;0;1;21;1;20;;;;156;11;145;;;;;;;327;80;247;;;;16;6;10;137;15;67;55
2019;ENE - MAY;14/06/2019;ENT001;PROGRAMA NACIONAL CONTRA LA VIOLENCIA FAMILIAR Y SEXUAL;LN001;ATENCIÓN INTEGRAL Y MULTIDISCIPLINARIA PARA VICTIMAS DE VIOLENCIA;;LINEA100;06;CAJAMARCA;1 129;224;788;117;258;497;133;2;239;0;0;0;1;1;0;27;8;19;;;;250;31;219;;;;;;;593;148;445;;;;20;6;14;238;30;91;117
2019;ENE - MAY;14/06/2019;ENT001;PROGRAMA NACIONAL CONTRA LA VIOLENCIA FAMILIAR Y SEXUAL;LN001;ATENCIÓN INTEGRAL Y MULTIDISCIPLINARIA PARA VICTIMAS DE VIOLENCIA;;LINEA100;07;CALLAO;2 791;385;2 103;303;756;1163;219;4;649;0;0;0;5;0;5;23;3;20;;;;470;42;428;;;;;;;1553;263;1290;;;;145;15;130;595;62;230;303
2019;ENE - MAY;14/06/2019;ENT001;PROGRAMA NACIONAL CONTRA LA VIOLENCIA FAMILIAR Y SEXUAL;LN001;ATENCIÓN INTEGRAL Y MULTIDISCIPLINARIA PARA VICTIMAS DE VIOLENCIA;;LINEA100;08;CUSCO;1 409;271;1 010;128;329;703;111;2;264;0;0;0;3;0;3;40;13;27;;;;292;32;260;;;;;;;775;186;589;;;;25;9;16;274;31;115;128
2019;ENE - MAY;14/06/2019;ENT001;PROGRAMA NACIONAL CONTRA LA VIOLENCIA FAMILIAR Y SEXUAL;LN001;ATENCIÓN INTEGRAL Y MULTIDISCIPLINARIA PARA VICTIMAS DE VIOLENCIA;;LINEA100;09;HUANCAVELICA;294;92;169;33;54;156;32;0;52;0;0;0;1;0;1;14;8;6;;;;62;8;54;;;;;;;151;59;92;;;;5;3;2;61;14;14;33
2019;ENE - MAY;14/06/2019;ENT001;PROGRAMA NACIONAL CONTRA LA VIOLENCIA FAMILIAR Y SEXUAL;LN001;ATENCIÓN INTEGRAL Y MULTIDISCIPLINARIA PARA VICTIMAS DE VIOLENCIA;;LINEA100;10;HUÁNUCO;839;165;614;60;207;374;79;2;177;0;0;0;1;0;1;24;6;18;;;;207;22;185;;;;;;;436;106;330;;;;11;2;9;160;29;71;60
2019;ENE - MAY;14/06/2019;ENT001;PROGRAMA NACIONAL CONTRA LA VIOLENCIA FAMILIAR Y SEXUAL;LN001;ATENCIÓN INTEGRAL Y MULTIDISCIPLINARIA PARA VICTIMAS DE VIOLENCIA;;LINEA100;11;ICA;1 354;195;993;166;358;630;91;3;272;0;0;0;10;5;5;20;4;16;;;;251;31;220;;;;;;;688;107;581;;;;47;14;33;338;34;138;166
2019;ENE - MAY;14/06/2019;ENT001;PROGRAMA NACIONAL CONTRA LA VIOLENCIA FAMILIAR Y SEXUAL;LN001;ATENCIÓN INTEGRAL Y MULTIDISCIPLINARIA PARA VICTIMAS DE VIOLENCIA;;LINEA100;12;JUNÍN;1 518;217;1 131;170;341;749;153;1;274;0;0;0;1;0;1;32;0;32;;;;315;42;273;;;;;;;769;143;626;;;;25;4;21;376;28;178;170
2019;ENE - MAY;14/06/2019;ENT001;PROGRAMA NACIONAL CONTRA LA VIOLENCIA FAMILIAR Y SEXUAL;LN001;ATENCIÓN INTEGRAL Y MULTIDISCIPLINARIA PARA VICTIMAS DE VIOLENCIA;;LINEA100;13;LA LIBERTAD;1 977;292;1 445;240;495;942;184;4;352;0;0;0;2;0;2;41;10;31;;;;390;47;343;;;;;;;1009;173;836;;;;50;14;36;485;48;197;240
2019;ENE - MAY;14/06/2019;ENT001;PROGRAMA NACIONAL CONTRA LA VIOLENCIA FAMILIAR Y SEXUAL;LN001;ATENCIÓN INTEGRAL Y MULTIDISCIPLINARIA PARA VICTIMAS DE VIOLENCIA;;LINEA100;14;LAMBAYEQUE;1 126;174;808;144;289;551;90;2;194;0;0;0;1;0;1;12;2;10;;;;238;34;204;;;;;;;570;106;464;;;;20;5;15;285;27;114;144
2019;ENE - MAY;14/06/2019;ENT001;PROGRAMA NACIONAL CONTRA LA VIOLENCIA FAMILIAR Y SEXUAL;LN001;ATENCIÓN INTEGRAL Y MULTIDISCIPLINARIA PARA VICTIMAS DE VIOLENCIA;;LINEA100;15;LIMA METROPOLITANA;27 040;4 075;20 047;2 918;7089;11222;2226;101;6402;0;0;0;25;8;17;368;60;308;;;;4719;554;4165;;;;;;;15077;2687;12390;;;;1101;199;902;5750;567;2265;2918
2019;ENE - MAY;14/06/2019;ENT001;PROGRAMA NACIONAL CONTRA LA VIOLENCIA FAMILIAR Y SEXUAL;LN001;ATENCIÓN INTEGRAL Y MULTIDISCIPLINARIA PARA VICTIMAS DE VIOLENCIA;;LINEA100;15;LIMA PROVINCIA;1 011;150;773;88;235;461;104;2;209;0;0;0;3;0;3;16;4;12;;;;211;29;182;;;;;;;552;88;464;;;;39;8;31;190;21;81;88
2019;ENE - MAY;14/06/2019;ENT001;PROGRAMA NACIONAL CONTRA LA VIOLENCIA FAMILIAR Y SEXUAL;LN001;ATENCIÓN INTEGRAL Y MULTIDISCIPLINARIA PARA VICTIMAS DE VIOLENCIA;;LINEA100;16;LORETO;500;122;304;74;103;269;60;1;67;0;0;0;1;0;1;14;5;9;;;;82;7;75;;;;;;;254;83;171;;;;12;2;10;137;25;38;74
2019;ENE - MAY;14/06/2019;ENT001;PROGRAMA NACIONAL CONTRA LA VIOLENCIA FAMILIAR Y SEXUAL;LN001;ATENCIÓN INTEGRAL Y MULTIDISCIPLINARIA PARA VICTIMAS DE VIOLENCIA;;LINEA100;17;MADRE DE DIOS;283;43;200;40;58;147;37;0;41;0;0;0;0;0;0;6;1;5;;;;56;7;49;;;;;;;136;28;108;;;;3;2;1;82;5;37;40
2019;ENE - MAY;14/06/2019;ENT001;PROGRAMA NACIONAL CONTRA LA VIOLENCIA FAMILIAR Y SEXUAL;LN001;ATENCIÓN INTEGRAL Y MULTIDISCIPLINARIA PARA VICTIMAS DE VIOLENCIA;;LINEA100;18;MOQUEGUA;229;37;157;35;68;96;17;2;46;0;0;0;0;0;0;6;3;3;;;;38;4;34;;;;;;;121;28;93;;;;6;0;6;58;2;21;35
2019;ENE - MAY;14/06/2019;ENT001;PROGRAMA NACIONAL CONTRA LA VIOLENCIA FAMILIAR Y SEXUAL;LN001;ATENCIÓN INTEGRAL Y MULTIDISCIPLINARIA PARA VICTIMAS DE VIOLENCIA;;LINEA100;19;PASCO;213;37;152;24;50;122;17;0;24;0;0;0;0;0;0;1;0;1;;;;47;4;43;;;;;;;85;17;68;;;;19;0;19;61;16;21;24
2019;ENE - MAY;14/06/2019;ENT001;PROGRAMA NACIONAL CONTRA LA VIOLENCIA FAMILIAR Y SEXUAL;LN001;ATENCIÓN INTEGRAL Y MULTIDISCIPLINARIA PARA VICTIMAS DE VIOLENCIA;;LINEA100;20;PIURA;1 930;256;1 377;297;512;981;127;2;308;0;0;0;7;3;4;51;11;40;;;;421;43;378;;;;;;;892;151;741;;;;38;8;30;521;40;184;297
2019;ENE - MAY;14/06/2019;ENT001;PROGRAMA NACIONAL CONTRA LA VIOLENCIA FAMILIAR Y SEXUAL;LN001;ATENCIÓN INTEGRAL Y MULTIDISCIPLINARIA PARA VICTIMAS DE VIOLENCIA;;LINEA100;21;PUNO;1 226;195;963;68;304;586;119;3;214;0;0;0;1;0;1;36;10;26;;;;357;32;325;;;;;;;635;108;527;;;;24;11;13;173;34;71;68
2019;ENE - MAY;14/06/2019;ENT001;PROGRAMA NACIONAL CONTRA LA VIOLENCIA FAMILIAR Y SEXUAL;LN001;ATENCIÓN INTEGRAL Y MULTIDISCIPLINARIA PARA VICTIMAS DE VIOLENCIA;;LINEA100;22;SAN MARTÍN;950;185;658;107;167;445;118;5;215;0;0;0;3;0;3;20;4;16;;;;205;31;174;;;;;;;461;101;360;;;;20;10;10;241;39;95;107
2019;ENE - MAY;14/06/2019;ENT001;PROGRAMA NACIONAL CONTRA LA VIOLENCIA FAMILIAR Y SEXUAL;LN001;ATENCIÓN INTEGRAL Y MULTIDISCIPLINARIA PARA VICTIMAS DE VIOLENCIA;;LINEA100;23;TACNA;383;57;289;37;111;161;24;1;86;0;0;0;1;1;0;5;0;5;;;;74;12;62;;;;;;;217;31;186;;;;10;4;6;76;9;30;37
2019;ENE - MAY;14/06/2019;ENT001;PROGRAMA NACIONAL CONTRA LA VIOLENCIA FAMILIAR Y SEXUAL;LN001;ATENCIÓN INTEGRAL Y MULTIDISCIPLINARIA PARA VICTIMAS DE VIOLENCIA;;LINEA100;24;TUMBES;275;31;206;38;73;145;14;0;43;0;0;0;0;0;0;6;0;6;;;;39;3;36;;;;;;;145;21;124;;;;8;1;7;77;6;33;38
2019;ENE - MAY;14/06/2019;ENT001;PROGRAMA NACIONAL CONTRA LA VIOLENCIA FAMILIAR Y SEXUAL;LN001;ATENCIÓN INTEGRAL Y MULTIDISCIPLINARIA PARA VICTIMAS DE VIOLENCIA;;LINEA100;25;UCAYALI;383;64;267;52;86;193;41;3;60;0;0;0;1;1;0;8;0;8;;;;75;6;69;;;;;;;198;40;158;;;;6;3;3;95;14;29;52
;;;;;;;;;;;;;;;;;;;;;;;;;;;;;;;;;;;;;;;;;;;;;;;;;;;;;
;;;;;;;;;;;;;;;;;;;;;;;;;;;;;;;;;;;;;;;;;;;;;;;;;;;;;
;;;;;;;;;;;;;;;;;;;;;;;;;;;;;;;;;;;;;;;;;;;;;;;;;;;;;
;;;;;;;;;;;;;;;;;;;;;;;;;;;;;;;;;;;;;;;;;;;;;;;;;;;;;
